Temperature,Humidity,Wind_Speed,Cloud_Cover,Pressure,Rain
23.72,89.59,7.34,50.50,1032.38,rain
27.88,46.49,5.95,4.99,992.61,no rain
25.07,83.07,1.37,14.86,1007.23,no rain
23.62,74.37,7.05,67.26,982.63,rain
20.59,96.86,4.64,47.68,980.83,no rain
26.15,48.22,15.26,59.77,1049.74,no rain
20.94,40.80,2.23,45.83,1014.17,no rain
32.29,51.85,2.87,92.55,1006.04,no rain
34.09,48.06,5.57,82.52,993.73,no rain
19.59,82.98,5.76,98.01,1036.50,rain
29.79,81.32,16.93,93.92,1029.40,no rain
23.22,76.88,15.83,72.87,980.11,rain
24.20,45.15,11.57,5.25,1033.99,no rain
33.14,90.33,5.77,99.91,987.80,no rain
11.78,96.96,6.38,47.33,1046.40,no rain
12.18,67.21,11.84,6.10,1003.29,no rain
10.51,75.46,14.80,99.14,1011.58,rain
30.82,65.05,7.68,57.04,980.35,no rain
29.45,49.85,10.19,45.90,1037.71,no rain
31.75,50.03,17.76,1.98,1001.57,no rain
34.47,51.94,13.00,42.84,1018.95,no rain
29.98,43.36,10.71,18.33,1044.86,no rain
21.54,93.13,1.42,71.89,990.94,rain
29.51,90.09,3.52,0.79,1040.71,no rain
12.96,62.31,4.02,53.30,1015.02,no rain
26.00,55.71,12.46,4.37,1044.71,no rain
13.58,95.74,2.16,71.48,1037.56,rain
33.62,45.57,0.58,95.30,1011.01,no rain
23.05,68.75,7.21,4.33,986.21,no rain
20.37,33.81,14.38,10.31,982.11,no rain
16.61,43.38,13.86,51.56,1041.20,no rain
29.36,72.28,15.85,98.25,1013.20,no rain
21.40,76.35,13.92,41.15,1026.46,no rain
24.21,70.67,12.27,61.56,1041.72,rain
10.47,90.87,9.72,76.17,1001.33,rain
25.44,99.54,4.17,92.79,1042.70,no rain
25.30,83.47,11.37,17.70,981.93,no rain
25.42,62.56,12.73,91.14,999.59,no rain
33.59,88.38,2.47,62.64,1036.82,no rain
27.05,38.43,11.30,80.56,1039.73,no rain
18.99,77.83,1.95,29.56,1046.14,no rain
20.93,66.28,10.94,50.01,1001.21,no rain
27.44,42.46,3.18,20.90,1034.62,no rain
11.51,98.11,2.38,85.46,1048.96,rain
26.67,53.69,2.26,20.46,1016.89,no rain
26.77,73.08,18.22,54.83,997.68,no rain
15.26,91.50,11.96,41.79,982.73,no rain
13.22,65.47,5.00,4.96,1033.18,no rain
17.89,38.06,1.43,41.21,989.72,no rain
19.09,87.31,10.72,78.44,1007.09,rain
24.25,54.72,2.90,52.89,1001.65,no rain
20.97,98.81,15.57,30.48,1009.18,no rain
34.71,91.87,9.92,44.54,1043.42,no rain
12.55,89.74,14.53,77.43,1009.82,rain
15.22,54.94,7.91,66.82,1043.89,no rain
14.03,83.00,14.05,11.09,1036.38,no rain
26.33,99.04,13.69,53.12,1000.19,no rain
16.33,66.84,11.23,19.87,1002.27,no rain
21.66,62.95,16.91,97.84,1005.89,no rain
16.11,31.03,11.65,73.86,1022.40,no rain
13.97,79.01,11.56,8.10,1027.18,no rain
12.76,90.09,6.16,24.82,1048.06,no rain
26.41,47.32,18.63,7.81,1044.86,no rain
13.45,52.05,10.34,37.01,1022.83,no rain
14.91,65.05,7.83,82.27,983.24,no rain
19.22,35.05,10.83,6.68,1018.17,no rain
30.52,36.27,2.90,16.54,1008.25,no rain
12.43,59.48,5.30,26.74,1018.13,no rain
30.95,48.29,6.13,62.41,982.81,no rain
12.40,58.42,10.30,97.47,1049.70,no rain
34.41,61.81,13.91,82.27,983.99,no rain
21.72,98.34,5.74,20.09,999.09,no rain
34.42,96.10,2.72,71.01,985.05,no rain
25.12,39.78,11.18,55.64,1018.33,no rain
28.48,91.78,17.09,49.16,1004.63,no rain
10.98,35.61,8.36,90.84,1006.27,no rain
17.07,65.53,9.52,58.81,1035.24,no rain
13.00,41.47,5.78,13.72,1043.28,no rain
17.40,55.61,16.18,16.50,991.60,no rain
12.97,82.03,2.41,92.20,999.53,rain
17.95,59.72,3.42,8.02,1013.09,no rain
20.36,86.49,20.00,13.79,987.90,no rain
11.60,80.32,13.64,65.31,1007.06,rain
27.31,96.00,10.96,22.43,1001.15,no rain
24.17,67.39,15.90,82.61,1044.54,no rain
16.63,86.15,19.94,41.60,993.90,no rain
23.08,52.60,3.82,48.24,1030.48,no rain
12.35,54.20,15.83,12.86,995.11,no rain
24.40,58.04,6.84,2.82,1023.80,no rain
33.23,58.76,14.62,75.92,1020.74,no rain
17.96,37.23,14.15,7.40,1012.11,no rain
26.69,66.34,19.97,64.02,1037.18,no rain
13.29,36.78,2.24,53.75,995.59,no rain
27.91,92.28,0.04,51.85,1013.41,no rain
17.24,34.33,14.96,29.97,1048.77,no rain
14.58,61.48,11.38,75.60,992.83,no rain
24.66,49.93,13.82,40.06,1018.18,no rain
10.50,40.84,15.07,15.13,1000.52,no rain
30.72,84.87,9.87,5.60,988.67,no rain
10.12,80.05,7.13,34.25,1039.61,no rain
26.95,40.22,15.41,60.81,1020.44,no rain
16.75,74.29,7.60,22.03,1020.52,no rain
28.38,85.48,12.44,74.22,1018.17,no rain
34.05,84.13,17.87,10.87,992.91,no rain
16.22,36.46,3.17,47.20,1019.80,no rain
24.40,77.99,0.18,53.67,986.40,rain
24.80,80.12,5.14,82.10,1027.78,rain
24.31,90.35,15.95,11.79,983.60,no rain
15.58,65.56,11.34,0.17,993.24,no rain
33.82,62.28,18.92,53.37,1000.60,no rain
21.18,97.56,10.96,15.07,999.53,no rain
31.16,85.76,5.32,57.17,1036.85,no rain
27.49,69.11,15.32,3.29,1000.14,no rain
17.44,53.14,13.15,49.07,985.18,no rain
30.34,89.17,16.41,39.07,984.76,no rain
19.91,61.88,13.36,15.62,990.46,no rain
32.03,36.49,9.04,46.78,1007.59,no rain
24.53,61.84,5.54,47.72,993.78,no rain
32.04,91.04,1.11,6.79,996.45,no rain
27.31,61.38,6.16,67.69,992.88,no rain
28.13,31.00,0.93,91.37,1000.91,no rain
22.53,72.80,8.60,61.34,1015.34,rain
33.90,99.71,4.52,62.72,1047.99,no rain
26.10,87.21,14.07,74.84,1035.44,no rain
20.60,73.21,4.40,93.61,992.08,rain
25.16,94.01,1.63,98.25,1036.20,no rain
10.48,86.95,16.78,49.27,1029.71,no rain
17.54,64.90,1.20,94.50,1043.41,no rain
26.50,71.39,15.02,35.92,1010.43,no rain
17.25,81.19,18.59,72.76,1040.70,rain
25.45,89.25,2.14,93.68,1028.87,no rain
20.72,34.07,11.19,1.62,999.12,no rain
13.39,84.24,9.03,92.05,1007.28,rain
17.46,61.33,15.97,88.51,1038.69,no rain
24.25,76.26,12.47,20.55,1036.54,no rain
24.77,83.52,5.57,40.97,997.19,no rain
24.36,67.77,0.03,12.29,1038.54,no rain
26.33,41.10,9.66,74.72,1046.20,no rain
26.30,58.67,17.88,77.74,1041.44,no rain
20.79,35.38,18.11,88.09,1006.69,no rain
32.41,78.25,2.51,44.15,1017.88,no rain
19.19,96.76,17.21,63.01,1039.22,rain
20.90,85.67,0.69,84.36,1030.15,rain
32.30,57.29,1.85,9.34,1029.64,no rain
30.15,70.90,19.32,11.92,999.97,no rain
27.60,51.29,7.74,81.78,1022.76,no rain
12.51,67.87,1.42,44.20,983.81,no rain
32.99,51.05,9.41,80.29,1000.80,no rain
27.86,81.68,0.92,0.02,994.20,no rain
34.97,48.15,0.33,11.50,1007.09,no rain
13.74,97.48,11.24,36.83,1031.68,no rain
31.70,76.34,4.22,39.77,998.24,no rain
14.06,34.81,12.44,83.38,992.52,no rain
25.39,30.75,6.69,50.98,1038.94,no rain
13.10,99.79,2.65,91.80,1044.06,rain
31.20,45.44,19.69,42.47,1011.24,no rain
30.18,51.88,5.00,6.70,997.11,no rain
24.23,44.59,1.24,45.80,997.67,no rain
20.18,94.97,5.58,41.10,1009.13,no rain
11.73,75.64,5.03,54.95,1036.17,rain
27.44,65.31,5.99,63.98,1019.30,no rain
21.34,69.04,7.11,5.89,1020.41,no rain
28.05,52.25,16.10,61.75,1048.47,no rain
31.66,72.99,1.20,13.23,985.44,no rain
34.39,59.37,7.09,43.18,1013.25,no rain
31.40,43.95,2.07,89.23,1013.56,no rain
10.29,75.96,19.64,13.38,1018.78,no rain
19.00,56.17,2.88,20.88,991.76,no rain
28.25,84.95,9.58,42.30,991.82,no rain
14.29,59.08,9.60,6.04,1009.08,no rain
23.03,65.58,15.62,28.63,1022.44,no rain
11.36,85.12,5.44,7.75,1001.20,no rain
15.00,61.35,14.76,47.70,1014.83,no rain
10.46,97.64,0.53,57.34,1049.07,rain
29.84,85.51,18.54,74.93,982.13,no rain
15.60,87.85,1.98,92.32,1012.61,rain
18.63,96.77,9.62,43.76,1013.17,no rain
33.20,57.22,3.47,62.78,1028.43,no rain
27.61,70.61,7.37,6.01,998.65,no rain
10.80,78.55,12.84,47.53,1036.00,no rain
14.12,77.14,2.85,87.00,1008.07,rain
25.54,96.71,5.78,59.23,986.66,no rain
24.43,50.18,13.58,37.51,1024.10,no rain
15.95,50.40,16.89,8.92,981.85,no rain
33.36,94.26,11.86,49.86,1030.18,no rain
25.35,85.95,10.46,91.87,980.85,no rain
23.39,44.23,2.19,7.39,1021.77,no rain
24.75,69.90,2.93,53.09,1040.96,no rain
28.25,82.20,19.16,42.63,1028.89,no rain
17.80,54.71,0.05,75.95,1023.70,no rain
19.96,60.41,9.69,15.12,1010.23,no rain
15.25,70.28,15.13,17.12,1003.53,no rain
14.65,62.70,4.20,71.60,1005.92,no rain
33.61,82.71,9.19,68.00,1006.25,no rain
28.49,30.42,9.86,51.77,1017.09,no rain
22.26,60.42,5.21,0.46,990.03,no rain
15.69,53.63,17.58,85.57,1041.73,no rain
16.36,72.64,18.50,98.74,1023.81,rain
11.45,84.32,14.99,66.74,1006.21,rain
20.86,35.33,0.17,93.32,1048.75,no rain
17.79,41.06,12.58,75.78,1041.08,no rain
27.41,76.56,4.64,68.42,1022.48,no rain
19.44,81.69,5.34,35.13,1006.02,no rain
14.49,71.17,3.68,7.97,1005.84,no rain
10.62,98.80,11.45,3.22,984.67,no rain
11.68,64.96,8.93,45.06,1003.98,no rain
26.98,39.54,3.87,45.95,997.20,no rain
21.34,78.04,18.65,38.62,1022.60,no rain
23.41,72.15,4.78,2.99,1030.41,no rain
32.42,71.33,15.57,19.93,1000.47,no rain
34.76,68.21,0.49,13.65,1018.23,no rain
15.42,95.74,3.67,1.27,1035.10,no rain
26.58,39.04,16.38,61.91,1024.93,no rain
16.58,35.12,10.73,9.89,1032.06,no rain
10.52,40.79,12.92,14.84,995.27,no rain
28.96,47.15,8.58,9.91,1024.45,no rain
18.00,71.51,8.71,76.47,999.16,rain
19.59,72.87,2.51,88.34,996.15,rain
24.71,46.28,3.42,11.88,998.97,no rain
30.78,64.25,18.38,61.57,1005.66,no rain
25.72,63.74,9.15,61.97,1012.97,no rain
31.82,61.72,9.45,28.13,996.05,no rain
16.84,86.25,13.33,58.85,1004.50,rain
29.95,63.02,0.28,43.33,1042.75,no rain
14.64,83.09,10.65,10.76,989.42,no rain
33.82,41.65,17.71,95.82,995.10,no rain
27.19,67.24,8.35,67.86,984.25,no rain
15.39,87.69,8.25,95.40,1029.62,rain
33.68,42.44,9.07,15.10,1017.06,no rain
28.27,62.54,17.10,79.42,1013.20,no rain
16.35,72.64,12.20,42.06,982.41,no rain
15.33,42.93,14.95,92.97,1047.29,no rain
22.96,82.97,14.36,68.70,1039.09,rain
10.64,35.53,1.02,14.72,1037.43,no rain
15.19,96.25,19.53,3.25,1041.27,no rain
20.62,62.78,14.12,12.56,1034.39,no rain
19.35,53.53,11.60,71.27,989.76,no rain
21.59,38.18,0.90,1.05,1048.00,no rain
16.94,60.28,18.36,47.83,1045.36,no rain
24.67,76.19,9.39,55.31,1028.73,rain
31.60,36.61,18.22,81.23,1000.44,no rain
12.94,51.44,8.37,44.66,980.08,no rain
22.93,88.52,11.55,0.55,1014.01,no rain
13.30,75.23,17.87,21.88,1021.64,no rain
27.92,44.45,9.22,4.76,1049.58,no rain
19.90,41.26,3.59,98.10,989.30,no rain
24.14,93.31,8.50,63.84,986.22,rain
14.58,50.09,7.63,0.19,1009.84,no rain
13.62,42.57,14.62,3.85,1032.57,no rain
22.20,100.00,16.81,22.55,1003.80,no rain
18.89,51.64,0.23,77.89,1026.37,no rain
33.51,38.73,9.90,39.90,1042.26,no rain
29.13,62.32,5.35,50.54,1035.52,no rain
28.72,60.40,3.29,87.25,987.11,no rain
32.59,94.88,13.31,89.12,1011.23,no rain
12.09,39.39,16.71,42.78,982.66,no rain
23.80,36.38,10.89,76.02,991.80,no rain
24.61,36.51,3.88,23.42,1033.95,no rain
34.05,93.30,15.03,17.52,992.19,no rain
17.30,61.46,10.43,97.63,1019.12,no rain
16.02,40.54,16.09,63.82,1023.05,no rain
12.51,71.57,19.29,65.73,990.96,rain
10.41,67.63,8.39,87.78,1044.04,no rain
33.24,43.89,6.38,2.70,984.10,no rain
26.75,72.21,5.64,28.59,1044.35,no rain
29.63,53.82,13.82,71.92,987.97,no rain
17.04,46.69,19.44,45.46,1043.06,no rain
24.66,65.73,5.72,94.29,1005.75,no rain
11.60,50.42,9.25,45.06,1035.29,no rain
22.14,45.55,11.53,12.70,1007.60,no rain
34.44,91.58,19.08,90.73,1031.32,no rain
31.91,40.90,4.94,0.51,1039.67,no rain
18.45,49.64,19.23,75.88,1016.78,no rain
34.04,57.03,10.48,0.83,1008.15,no rain
15.79,49.15,14.57,46.32,1007.62,no rain
33.73,44.75,15.63,20.55,983.96,no rain
33.53,83.98,3.29,95.17,981.04,no rain
29.98,53.03,19.49,39.67,1032.05,no rain
25.76,37.88,19.52,3.10,1009.08,no rain
31.86,67.86,17.32,77.68,990.58,no rain
17.33,38.78,16.87,31.66,1041.01,no rain
31.22,55.03,6.53,63.95,1024.64,no rain
25.45,91.73,17.04,40.52,1013.22,no rain
10.33,55.84,17.77,43.85,1004.99,no rain
18.68,74.28,5.33,26.38,1004.13,no rain
13.70,66.02,3.41,78.83,1006.00,no rain
34.55,39.64,15.14,46.37,1042.06,no rain
21.96,75.43,11.55,3.96,1006.50,no rain
22.43,89.92,2.16,94.48,981.35,rain
25.99,36.52,7.99,49.69,990.15,no rain
19.21,82.76,6.64,48.60,1004.23,no rain
13.42,78.31,13.21,34.65,991.64,no rain
30.55,90.67,8.41,63.51,1037.61,no rain
14.75,37.29,12.97,40.15,1049.91,no rain
22.78,51.40,15.99,74.95,1003.39,no rain
15.61,78.60,14.14,87.66,1013.96,rain
12.45,31.54,12.35,48.97,983.33,no rain
31.55,81.39,18.13,65.26,993.61,no rain
34.32,90.06,4.96,29.55,996.03,no rain
34.02,61.73,10.15,62.54,1007.12,no rain
32.66,60.40,15.12,63.52,1037.85,no rain
29.35,49.49,4.48,51.20,1007.94,no rain
18.33,30.35,4.23,15.98,1031.90,no rain
12.03,43.04,13.69,72.53,1017.00,no rain
20.18,98.59,15.61,31.97,1026.46,no rain
15.81,90.71,17.73,38.82,993.81,no rain
13.31,48.66,8.97,85.15,982.72,no rain
11.34,97.46,14.33,68.11,997.27,rain
28.14,55.74,3.42,8.27,987.09,no rain
10.29,50.83,6.30,56.54,1029.19,no rain
29.26,40.70,12.64,8.69,1019.85,no rain
13.67,93.11,2.96,64.55,1035.56,rain
11.99,99.09,19.11,39.47,1008.18,no rain
12.24,52.92,2.56,81.30,998.23,no rain
26.80,79.24,15.54,78.02,1040.27,no rain
16.13,53.47,6.37,99.97,1019.59,no rain
20.51,37.35,14.66,29.92,1013.10,no rain
23.93,57.49,8.10,17.51,1042.39,no rain
31.51,68.61,14.95,18.53,1004.35,no rain
28.18,38.61,18.01,59.89,1008.62,no rain
16.76,87.28,11.92,33.45,998.02,no rain
13.29,64.82,3.28,90.69,989.29,no rain
11.38,46.41,19.02,7.94,1019.96,no rain
17.54,71.49,10.65,76.48,1044.49,rain
16.55,85.53,4.79,48.97,1025.42,no rain
21.40,52.93,8.17,63.74,1026.47,no rain
27.08,79.10,14.42,58.78,1040.09,no rain
27.39,59.95,18.71,53.03,1029.01,no rain
17.09,97.48,18.13,69.83,1006.32,rain
19.50,83.97,2.81,54.57,1036.23,rain
14.53,54.94,17.44,92.25,988.68,no rain
29.71,31.24,11.80,55.17,1041.00,no rain
11.42,76.03,8.19,91.97,1015.64,rain
27.42,43.85,9.29,80.63,1018.21,no rain
29.47,38.53,15.89,84.75,1044.59,no rain
29.44,95.22,16.90,89.73,1027.79,no rain
16.49,100.00,13.16,20.26,985.47,no rain
19.35,48.89,1.17,34.26,997.70,no rain
24.69,51.12,16.17,89.94,1029.75,no rain
16.82,41.55,0.51,14.92,986.52,no rain
19.27,62.04,7.76,49.01,998.29,no rain
14.93,90.61,8.88,10.47,998.46,no rain
21.50,79.11,10.12,15.25,1029.54,no rain
11.12,89.24,5.12,58.89,983.61,rain
29.99,45.99,8.38,39.61,1004.15,no rain
11.92,81.13,15.75,42.37,1009.85,no rain
22.97,94.30,5.43,50.81,985.13,rain
17.67,49.70,16.27,66.07,1012.09,no rain
24.44,78.35,0.25,49.93,1017.20,no rain
33.99,58.05,2.86,34.18,1047.96,no rain
26.14,50.32,18.51,19.28,1041.15,no rain
10.88,97.87,9.41,46.45,1045.14,no rain
20.76,54.40,1.02,37.56,998.95,no rain
22.75,37.55,12.21,81.54,990.51,no rain
23.40,57.20,9.12,1.53,1024.69,no rain
27.03,61.34,1.77,57.04,994.11,no rain
16.94,82.65,6.96,61.85,1021.05,rain
13.22,96.49,12.29,98.79,993.70,rain
19.82,87.19,12.55,88.54,984.56,rain
33.91,95.17,17.74,51.76,1011.42,no rain
14.68,63.25,9.85,28.85,1024.55,no rain
32.60,80.35,2.09,1.02,986.59,no rain
23.60,51.63,2.27,24.08,1018.48,no rain
21.42,34.87,8.34,84.74,1010.58,no rain
32.05,55.58,3.71,97.33,997.87,no rain
21.47,78.85,18.42,70.11,992.03,rain
28.10,49.22,4.24,60.39,996.40,no rain
19.98,90.30,7.53,60.62,1042.76,rain
32.60,85.35,10.25,64.99,982.23,no rain
27.25,43.58,6.61,0.18,990.32,no rain
27.49,53.16,13.29,37.00,1016.27,no rain
18.19,87.77,12.11,32.93,1027.78,no rain
28.92,47.08,18.79,97.79,1008.72,no rain
25.90,53.21,16.64,0.07,996.83,no rain
16.00,54.01,12.06,73.63,999.20,no rain
14.01,86.07,8.93,40.53,1025.46,no rain
29.91,32.59,12.30,6.48,1029.90,no rain
33.98,35.17,12.46,36.10,1047.92,no rain
21.45,70.49,5.39,12.78,1029.25,no rain
24.77,57.80,3.56,3.74,1009.53,no rain
31.44,74.30,10.38,68.35,997.19,no rain
21.43,48.65,6.15,2.47,1017.42,no rain
33.80,93.67,7.70,1.20,1030.86,no rain
24.39,83.27,0.03,42.60,988.16,no rain
30.52,34.74,13.63,13.06,984.19,no rain
32.72,84.87,1.16,44.61,995.69,no rain
30.39,97.87,14.71,36.60,1009.35,no rain
13.99,95.97,4.16,10.23,1026.70,no rain
25.72,81.48,3.30,63.97,980.64,no rain
19.96,38.65,12.01,64.97,1017.70,no rain
11.57,70.33,19.67,64.47,1000.36,rain
20.60,49.90,8.44,86.46,1003.45,no rain
16.47,97.91,17.39,0.68,1010.33,no rain
31.23,80.22,1.24,2.77,1012.20,no rain
10.83,72.75,10.17,52.32,1008.12,rain
33.97,78.66,13.64,46.60,986.12,no rain
18.88,60.66,7.51,99.06,991.14,no rain
18.92,56.09,2.59,35.75,1014.54,no rain
10.41,95.51,0.31,38.91,1007.06,no rain
14.63,53.23,7.73,83.57,1049.77,no rain
20.03,32.90,14.85,62.31,1033.87,no rain
33.23,58.06,19.81,7.11,1020.80,no rain
12.49,85.32,9.26,5.77,1018.35,no rain
33.63,75.39,5.90,52.86,983.50,no rain
31.74,97.35,6.93,39.68,1027.37,no rain
21.35,37.43,1.84,73.54,1019.58,no rain
18.17,93.81,9.00,62.81,1016.11,rain
15.82,55.82,12.54,0.03,1033.65,no rain
25.36,63.18,12.47,1.69,1034.81,no rain
10.83,59.99,0.26,83.97,995.17,no rain
10.39,38.15,12.67,16.46,992.93,no rain
20.72,47.35,13.31,56.96,1026.18,no rain
11.70,81.96,10.04,94.05,1003.16,rain
16.30,31.61,18.90,96.66,1011.83,no rain
15.53,39.37,5.16,84.43,983.11,no rain
16.33,31.76,17.04,88.89,1009.61,no rain
13.28,90.02,3.48,90.51,1045.93,rain
10.30,73.21,5.24,7.66,1028.14,no rain
12.89,41.90,4.10,85.72,1037.36,no rain
25.46,83.81,17.71,41.57,1023.93,no rain
34.36,97.68,15.87,4.27,1020.96,no rain
34.76,95.42,9.01,53.32,1047.96,no rain
20.23,94.51,7.56,11.67,1014.28,no rain
14.07,30.55,0.26,7.91,1035.32,no rain
25.97,71.23,14.04,46.76,996.20,no rain
22.26,47.96,19.30,31.48,987.14,no rain
34.74,69.53,15.57,88.13,992.69,no rain
11.63,52.26,4.66,31.56,1003.96,no rain
29.58,40.76,5.29,82.26,1012.25,no rain
17.21,61.11,8.46,0.49,1042.26,no rain
16.04,64.66,8.15,94.92,1021.48,no rain
26.56,99.28,4.65,5.43,1024.98,no rain
16.15,32.97,15.83,26.29,1006.95,no rain
26.65,51.08,15.72,2.49,1026.87,no rain
22.93,89.63,14.13,95.94,1008.29,rain
20.60,76.18,0.10,5.17,1022.56,no rain
23.87,87.87,18.35,34.90,1017.51,no rain
17.18,76.22,6.75,66.38,1001.55,rain
27.66,83.17,0.58,32.20,985.85,no rain
20.37,64.50,12.75,0.75,988.58,no rain
19.01,44.34,14.75,24.06,1020.24,no rain
30.72,86.70,13.42,71.47,985.12,no rain
33.12,69.75,7.82,37.83,1011.71,no rain
11.15,39.77,17.22,82.03,1042.93,no rain
15.82,86.34,7.13,73.90,1020.78,rain
18.71,97.10,10.77,58.60,1048.37,rain
30.37,54.23,18.44,9.45,1000.15,no rain
34.64,50.55,14.56,98.20,1025.49,no rain
34.22,35.72,1.89,52.07,1045.43,no rain
32.62,76.51,15.54,26.02,1004.46,no rain
17.41,97.13,18.03,60.21,1017.35,rain
34.80,39.52,16.51,70.68,1039.30,no rain
16.24,63.96,9.54,46.75,1003.19,no rain
12.65,36.88,16.50,64.18,980.63,no rain
33.77,32.39,1.51,10.80,1049.32,no rain
15.84,76.52,5.08,87.41,1008.43,rain
27.24,90.74,17.34,68.07,987.66,no rain
11.46,53.63,0.83,77.30,1031.52,no rain
28.27,91.30,7.96,11.37,1002.75,no rain
32.04,38.19,17.21,51.93,991.79,no rain
16.81,46.66,8.92,69.26,988.29,no rain
19.48,93.11,1.69,52.23,1028.83,rain
19.36,65.60,9.18,9.92,1049.53,no rain
28.72,72.57,14.64,6.07,1007.43,no rain
15.95,32.66,6.33,61.60,1033.46,no rain
14.30,38.99,18.13,79.69,1025.80,no rain
21.23,33.91,18.82,99.66,1009.47,no rain
17.61,93.35,3.36,56.82,983.43,rain
30.98,39.44,1.87,22.95,1008.66,no rain
15.94,89.48,5.99,40.51,982.05,no rain
22.56,54.57,9.38,10.66,1046.66,no rain
33.56,86.04,3.14,41.39,1008.66,no rain
25.85,55.55,4.83,84.02,1020.55,no rain
31.68,48.74,18.67,39.02,1045.85,no rain
33.51,36.56,14.30,5.17,1020.32,no rain
28.77,49.65,11.96,16.59,992.06,no rain
27.49,63.00,14.16,66.97,1046.61,no rain
34.20,87.23,0.05,69.12,993.16,no rain
34.86,61.68,2.91,19.80,988.97,no rain
21.30,98.00,13.84,81.01,1005.37,rain
11.77,67.91,14.30,28.09,1010.44,no rain
17.32,31.75,17.06,55.57,1048.42,no rain
13.81,59.08,11.71,30.77,1018.78,no rain
20.44,78.22,11.15,69.31,1036.41,rain
13.28,46.40,7.95,37.57,1033.83,no rain
25.10,78.90,16.33,76.18,1008.16,no rain
19.57,65.26,17.04,48.34,985.23,no rain
32.38,31.80,9.03,64.03,988.38,no rain
34.19,84.20,7.51,92.61,1049.49,no rain
23.67,69.23,1.01,43.53,1040.20,no rain
16.87,35.77,15.84,55.06,1004.20,no rain
24.81,63.26,13.46,18.91,1038.29,no rain
32.42,50.11,8.78,69.34,1042.99,no rain
20.17,91.58,10.09,21.27,1044.64,no rain
23.80,49.94,17.92,69.00,1041.26,no rain
16.79,95.92,17.55,92.32,993.04,rain
21.39,68.23,3.58,94.13,1035.54,no rain
20.04,52.65,16.98,80.18,983.89,no rain
16.21,86.95,10.19,53.91,1036.46,rain
22.65,78.82,2.12,83.72,1020.38,rain
17.76,58.98,6.23,45.78,1031.45,no rain
19.33,74.07,13.74,37.69,1018.48,no rain
23.12,84.50,17.87,70.23,1021.83,rain
28.76,89.61,2.17,20.73,982.59,no rain
18.34,87.15,12.19,7.43,982.20,no rain
33.10,41.63,13.56,36.60,1036.85,no rain
31.56,87.99,5.52,34.06,1000.37,no rain
11.22,34.10,15.13,12.05,1036.50,no rain
16.34,44.01,2.07,85.46,1029.25,no rain
21.15,73.60,4.79,66.81,1019.55,rain
12.62,38.03,0.01,2.58,987.35,no rain
18.71,72.23,10.05,54.02,984.62,rain
28.50,51.56,5.27,15.38,1006.88,no rain
27.01,60.06,1.56,51.12,1044.77,no rain
25.56,52.06,17.62,77.13,995.84,no rain
27.76,34.91,3.97,41.31,1009.56,no rain
15.12,65.05,11.35,59.69,1024.92,no rain
18.54,97.45,5.43,54.64,1014.77,rain
26.91,72.82,11.95,57.76,981.76,no rain
31.98,51.00,13.09,47.81,1028.67,no rain
23.59,96.93,14.51,16.70,1044.29,no rain
17.07,57.25,5.91,24.16,1021.98,no rain
10.76,78.83,0.95,89.40,1020.63,rain
27.76,74.39,17.15,73.82,1038.47,no rain
10.20,96.70,19.39,98.29,1038.30,rain
19.32,94.02,17.72,5.41,993.07,no rain
23.26,40.36,1.65,31.66,1009.56,no rain
33.05,36.00,15.70,95.93,1037.35,no rain
12.24,86.67,9.72,43.94,1031.44,no rain
20.15,93.35,12.64,60.43,1039.11,rain
10.61,64.51,12.23,56.97,989.06,no rain
18.57,78.35,10.70,14.07,1010.76,no rain
25.56,34.89,13.50,73.11,1029.63,no rain
16.98,45.39,12.33,5.83,1031.11,no rain
15.24,40.46,11.54,53.80,985.03,no rain
12.89,72.08,2.86,55.26,1029.84,rain
24.43,43.83,17.30,20.18,1023.84,no rain
27.38,34.19,15.07,75.04,1004.42,no rain
26.80,51.15,19.29,89.62,1001.29,no rain
33.72,77.40,15.83,97.91,982.03,no rain
10.07,70.45,11.65,2.68,1007.44,no rain
26.18,53.15,18.34,30.97,1001.49,no rain
25.01,88.34,13.09,92.48,1010.21,no rain
24.72,49.34,6.20,5.05,1029.61,no rain
34.07,48.24,3.51,27.20,990.18,no rain
10.42,69.20,12.09,53.34,1013.60,no rain
27.41,63.48,14.72,74.02,1035.50,no rain
30.34,61.22,16.48,22.81,997.40,no rain
22.75,40.90,5.71,30.03,1040.46,no rain
18.35,65.33,18.04,19.45,1045.31,no rain
29.77,48.13,11.56,44.31,987.90,no rain
12.43,57.45,14.46,50.43,988.10,no rain
21.05,81.35,16.16,89.92,1025.16,rain
23.00,95.58,18.63,77.08,1016.20,rain
27.35,84.17,5.80,71.53,1043.25,no rain
12.27,58.39,7.85,57.27,1036.14,no rain
15.69,71.51,18.00,32.86,1015.13,no rain
20.26,82.25,16.69,7.01,984.81,no rain
25.58,59.00,7.98,25.88,986.92,no rain
32.17,55.22,9.35,19.47,1011.39,no rain
25.47,39.47,14.34,22.79,1001.32,no rain
13.34,81.54,1.22,22.68,1046.02,no rain
34.51,88.70,7.35,43.05,1026.61,no rain
31.79,52.16,4.12,38.07,998.94,no rain
22.57,84.85,10.38,33.70,1004.99,no rain
33.06,72.71,15.44,88.12,985.65,no rain
23.53,84.89,2.60,20.27,997.48,no rain
33.08,58.79,19.73,16.37,1002.31,no rain
30.75,82.33,9.34,7.60,1024.94,no rain
34.21,58.60,15.46,92.49,992.08,no rain
32.99,36.21,7.05,19.43,1027.40,no rain
10.90,68.54,9.76,57.23,988.24,no rain
14.37,61.80,19.30,37.37,1042.59,no rain
19.73,47.70,13.81,55.53,1023.85,no rain
33.80,92.45,0.51,64.26,1020.42,no rain
17.50,56.80,4.64,84.01,993.11,no rain
14.01,32.74,5.19,50.73,1031.86,no rain
32.16,56.75,19.18,32.72,996.52,no rain
21.16,59.72,15.39,18.11,1035.86,no rain
32.70,90.31,13.57,60.68,1034.53,no rain
14.01,85.94,1.39,13.20,1045.76,no rain
26.53,44.00,16.08,85.58,1034.79,no rain
21.01,88.73,3.63,2.78,1005.55,no rain
11.91,47.35,2.98,84.53,1015.75,no rain
27.41,53.94,17.38,21.92,1023.88,no rain
16.18,35.38,0.10,48.79,998.73,no rain
10.99,33.87,1.27,73.05,1036.00,no rain
11.50,77.66,18.39,78.42,1003.04,rain
11.53,94.63,5.03,40.18,989.11,no rain
32.69,64.51,15.49,49.95,984.17,no rain
28.50,89.09,13.14,2.96,1026.20,no rain
32.45,85.56,2.24,34.40,998.53,no rain
26.81,76.53,15.90,26.16,1039.61,no rain
23.22,98.48,4.15,39.01,1034.07,no rain
17.61,86.15,13.91,30.09,988.06,no rain
34.95,49.24,7.62,15.97,1018.87,no rain
19.05,85.23,10.90,94.17,1047.72,rain
21.77,78.49,18.92,42.93,1038.05,no rain
19.46,57.97,5.18,63.78,1041.06,no rain
34.49,35.38,6.02,92.68,998.39,no rain
14.37,45.01,5.85,57.25,1030.78,no rain
18.20,85.81,7.40,12.70,1003.79,no rain
27.01,47.39,11.53,78.86,1037.96,no rain
11.58,99.85,16.01,77.47,987.19,rain
25.18,78.58,17.86,40.46,1027.96,no rain
21.94,63.41,1.22,53.94,1025.14,no rain
17.10,69.93,13.00,42.49,998.29,no rain
15.96,72.76,11.85,22.42,1024.25,no rain
22.86,97.83,12.02,76.29,1043.76,rain
19.20,41.32,15.87,74.44,1023.06,no rain
21.41,49.07,18.76,64.71,992.88,no rain
18.44,79.67,14.97,45.56,1001.43,no rain
34.26,46.79,3.43,46.48,1004.61,no rain
13.34,90.99,19.09,29.84,1001.78,no rain
12.42,54.26,17.30,26.57,1027.91,no rain
18.58,42.66,5.99,84.90,1046.50,no rain
24.78,33.33,2.45,85.94,1015.27,no rain
26.48,71.69,16.12,1.53,1035.32,no rain
19.93,87.77,19.53,71.96,1046.11,rain
34.98,49.17,2.55,32.99,1006.21,no rain
18.80,94.23,13.03,91.93,983.24,rain
28.04,83.04,0.20,24.21,1032.73,no rain
25.94,34.29,0.71,33.54,1031.45,no rain
30.33,70.08,15.70,74.73,1001.23,no rain
34.41,69.72,16.31,7.41,998.84,no rain
32.24,44.17,6.99,70.80,1029.23,no rain
29.11,53.42,8.96,67.47,990.95,no rain
27.46,62.08,15.59,30.40,1039.04,no rain
18.39,33.37,17.15,71.28,1040.24,no rain
13.69,40.48,5.52,90.29,1019.64,no rain
11.57,41.48,15.69,80.39,995.32,no rain
16.05,56.55,4.02,51.78,1046.43,no rain
20.81,82.32,8.95,13.24,996.47,no rain
23.05,88.19,14.38,89.23,1001.63,rain
29.33,41.40,13.72,48.97,1010.93,no rain
33.97,82.63,10.05,40.79,1016.45,no rain
12.93,76.95,13.40,54.78,1011.89,rain
12.68,92.35,1.01,21.35,980.01,no rain
24.74,97.82,5.77,33.62,1040.35,no rain
28.63,38.71,4.33,73.55,981.66,no rain
31.20,35.65,1.64,56.35,1041.71,no rain
33.40,85.98,4.15,76.23,1037.60,no rain
34.59,41.35,17.20,76.20,1045.57,no rain
20.00,43.62,17.93,75.36,1001.98,no rain
19.51,91.74,10.66,14.42,992.58,no rain
13.70,95.73,9.69,65.02,983.80,rain
27.12,52.29,9.26,48.02,1028.14,no rain
26.42,88.95,19.18,6.21,990.96,no rain
31.55,90.12,18.82,83.51,991.75,no rain
12.43,72.38,4.33,21.97,996.13,no rain
22.44,69.63,1.90,1.29,999.50,no rain
24.53,70.31,1.09,64.34,994.95,rain
16.04,51.09,7.15,17.21,1022.52,no rain
14.23,73.32,8.35,6.17,1015.78,no rain
31.49,47.05,4.95,93.38,1025.55,no rain
11.46,42.43,18.40,14.85,1024.94,no rain
21.77,58.91,16.74,52.00,1039.86,no rain
12.90,79.40,14.89,36.73,982.57,no rain
21.43,73.50,9.68,4.47,1019.04,no rain
34.50,97.54,17.73,31.44,1007.02,no rain
20.59,75.25,18.90,35.05,1035.25,no rain
31.43,39.89,17.75,49.34,996.00,no rain
12.93,41.29,5.23,70.67,1022.63,no rain
16.78,36.51,17.28,100.00,998.87,no rain
20.09,43.38,7.01,51.86,996.43,no rain
20.00,71.86,2.47,94.28,1002.95,rain
26.78,88.68,14.87,52.75,984.45,no rain
18.62,92.57,16.18,59.37,1032.25,rain
27.84,58.00,19.74,13.91,1041.69,no rain
25.98,69.10,9.62,57.08,981.19,no rain
19.98,86.64,5.02,26.06,1025.67,no rain
20.79,51.84,1.31,27.40,1019.40,no rain
25.36,71.70,8.26,43.39,1043.38,no rain
11.75,42.19,11.55,65.37,1027.98,no rain
30.56,63.36,9.93,61.73,1009.30,no rain
26.34,42.12,3.26,30.63,1020.47,no rain
28.16,62.37,7.43,2.88,988.91,no rain
23.42,57.78,18.36,24.40,991.35,no rain
12.76,60.33,9.19,45.28,995.67,no rain
20.13,47.06,10.24,90.95,1013.82,no rain
20.13,39.52,9.44,61.04,998.68,no rain
18.03,49.30,7.69,87.75,987.04,no rain
10.75,46.77,1.21,59.40,1016.30,no rain
28.43,81.40,4.58,44.32,1028.85,no rain
12.74,80.19,10.00,32.86,986.75,no rain
25.16,70.91,11.69,97.01,1031.03,no rain
27.58,36.39,9.56,47.82,981.66,no rain
25.87,69.64,7.28,35.92,1028.93,no rain
33.98,35.55,16.07,90.77,1046.72,no rain
12.58,31.27,13.90,81.19,1011.97,no rain
31.68,54.68,18.91,58.87,984.61,no rain
10.73,46.84,0.55,56.61,999.79,no rain
23.37,71.63,14.88,49.74,990.33,no rain
20.11,95.00,1.23,9.63,1015.07,no rain
23.10,80.39,5.82,68.75,992.66,rain
19.13,83.72,18.34,37.55,1049.75,no rain
14.76,96.56,15.51,1.70,1009.37,no rain
10.48,74.39,13.24,72.61,1007.11,rain
22.95,70.44,7.99,12.93,984.49,no rain
31.07,72.13,1.00,79.79,1021.90,no rain
19.33,90.61,5.21,25.96,988.70,no rain
15.57,57.17,9.62,58.64,998.32,no rain
12.01,85.67,8.46,56.98,1000.94,rain
12.13,75.66,9.16,17.69,986.87,no rain
15.53,51.32,0.61,43.90,1038.10,no rain
12.50,30.96,12.66,81.90,987.74,no rain
16.63,44.69,9.02,97.20,1013.81,no rain
11.65,79.00,0.34,1.82,1000.23,no rain
11.64,70.58,18.78,14.67,996.56,no rain
31.41,49.22,3.95,61.74,995.63,no rain
14.05,60.40,3.39,0.25,1026.89,no rain
23.99,76.28,15.10,75.80,1035.57,rain
29.34,38.90,6.97,58.30,1008.62,no rain
21.41,60.26,12.23,67.29,1002.30,no rain
13.83,59.16,0.12,62.42,1031.17,no rain
14.99,67.98,8.63,59.90,998.84,no rain
20.82,66.53,0.50,10.24,1040.93,no rain
23.21,55.74,4.19,23.52,1000.57,no rain
18.74,83.39,3.89,46.39,983.59,no rain
29.54,34.71,19.42,33.44,1012.92,no rain
28.78,32.49,6.05,78.31,1000.99,no rain
33.18,59.42,16.79,67.53,1012.62,no rain
10.72,92.77,8.42,31.15,1000.44,no rain
32.39,49.43,17.24,95.11,1049.09,no rain
19.81,42.06,13.26,64.42,1048.22,no rain
31.96,94.97,0.14,84.66,1023.23,no rain
27.27,41.78,2.23,90.46,1043.46,no rain
34.68,56.24,0.63,19.76,1001.91,no rain
28.98,81.03,1.81,39.77,1035.15,no rain
19.11,48.26,4.41,6.10,1033.55,no rain
22.53,46.09,15.71,14.78,1004.87,no rain
19.41,57.84,14.67,58.75,1030.50,no rain
19.12,85.12,4.89,51.71,986.55,rain
16.52,93.77,7.81,43.75,996.28,no rain
22.40,32.19,17.19,71.70,994.69,no rain
27.04,41.56,1.45,26.59,1023.80,no rain
16.93,97.10,11.30,41.44,994.12,no rain
23.11,71.50,2.30,93.82,999.85,rain
12.93,68.60,19.88,56.71,999.07,no rain
14.00,86.95,8.83,68.14,1046.03,rain
11.17,32.78,18.31,74.55,1046.36,no rain
34.27,30.97,3.06,44.67,1038.22,no rain
10.10,97.72,19.81,43.08,1011.61,no rain
14.46,88.00,1.19,47.02,1014.30,no rain
25.32,82.32,1.18,86.20,1006.22,no rain
12.03,40.90,16.46,36.36,1012.26,no rain
32.05,63.36,15.53,88.53,989.91,no rain
27.99,95.61,4.96,4.09,998.97,no rain
34.16,95.35,4.94,25.28,992.96,no rain
22.69,30.65,9.45,89.74,1041.66,no rain
17.51,82.67,18.87,93.28,1028.30,rain
23.74,30.44,12.52,20.77,989.33,no rain
33.27,98.90,16.65,21.72,1010.13,no rain
23.02,59.19,17.34,75.42,1002.79,no rain
16.68,98.15,2.69,36.15,981.05,no rain
31.93,55.74,11.58,20.57,1031.76,no rain
19.30,50.52,19.74,22.72,1010.81,no rain
10.03,52.14,1.91,30.42,1005.32,no rain
16.19,81.15,8.87,83.30,992.75,rain
17.96,43.98,15.30,45.64,1014.18,no rain
31.47,90.48,19.79,12.71,999.01,no rain
21.46,71.34,2.39,37.15,1015.54,no rain
21.11,97.89,8.09,32.32,997.53,no rain
18.40,99.10,15.06,7.61,1000.49,no rain
32.02,42.96,11.88,82.33,1009.76,no rain
33.63,96.90,17.57,73.14,1022.76,no rain
34.80,33.26,2.04,43.56,1038.98,no rain
19.42,31.95,10.85,70.15,999.51,no rain
34.15,96.07,12.18,33.87,1002.92,no rain
29.80,97.37,16.29,93.58,1025.13,no rain
26.89,40.31,16.91,50.08,1049.64,no rain
16.12,60.97,9.48,11.12,996.15,no rain
15.41,64.59,12.09,47.52,995.45,no rain
14.15,90.22,0.16,36.01,1037.42,no rain
33.07,73.95,13.78,3.41,1035.86,no rain
17.35,84.22,0.31,34.97,1003.03,no rain
21.33,63.96,12.94,97.63,981.03,no rain
22.35,75.39,10.12,25.96,1010.07,no rain
29.45,81.48,19.08,72.40,1018.04,no rain
31.11,81.65,3.26,15.41,1033.21,no rain
13.48,30.12,7.68,16.93,1026.27,no rain
20.67,36.99,17.15,29.65,1027.05,no rain
31.07,55.46,10.28,1.46,1036.24,no rain
30.45,34.28,16.29,48.36,1034.24,no rain
12.56,56.81,10.15,96.98,1013.13,no rain
13.91,57.27,13.65,28.15,987.34,no rain
17.60,94.42,17.63,66.98,1037.00,rain
11.88,69.70,1.10,84.43,1022.12,no rain
20.62,79.44,17.62,93.95,982.31,rain
12.69,92.10,3.58,2.53,1035.19,no rain
24.21,60.95,15.11,84.51,1007.53,no rain
16.16,30.14,11.32,8.14,1001.99,no rain
24.91,49.97,6.66,31.34,1016.05,no rain
12.94,86.99,19.17,74.27,1027.01,rain
34.40,93.13,16.83,36.82,1044.74,no rain
33.31,54.61,5.71,5.65,981.82,no rain
19.79,50.58,4.05,74.32,1001.33,no rain
16.05,94.72,7.18,55.68,982.83,rain
16.26,54.58,6.64,46.53,1039.02,no rain
22.08,75.66,3.20,41.36,1029.25,no rain
11.00,49.62,18.75,62.82,998.94,no rain
25.99,36.85,17.75,91.70,1033.86,no rain
20.21,65.09,17.50,42.05,1024.34,no rain
19.44,94.63,9.11,38.76,1026.21,no rain
30.23,73.30,15.79,36.13,1032.53,no rain
27.73,44.62,7.21,19.92,991.27,no rain
33.86,77.77,17.21,83.28,1022.03,no rain
18.80,83.79,18.13,23.02,1016.24,no rain
32.44,52.45,10.77,55.44,1003.83,no rain
29.25,69.14,9.52,78.13,1031.14,no rain
18.94,77.74,10.65,2.58,1010.40,no rain
25.54,41.22,4.76,50.35,1012.90,no rain
17.21,97.49,1.84,40.22,994.65,no rain
31.86,61.59,7.74,7.28,1031.73,no rain
12.81,98.58,15.68,81.87,980.74,rain
15.31,43.27,13.64,40.30,1014.81,no rain
14.58,63.86,16.82,37.27,1017.64,no rain
20.08,41.61,9.03,67.34,998.73,no rain
28.63,30.71,2.49,44.35,991.80,no rain
23.17,46.65,10.45,37.21,1004.36,no rain
22.19,58.22,0.79,56.24,987.41,no rain
10.01,60.18,8.62,36.12,1030.48,no rain
20.64,92.06,4.03,75.36,1020.68,rain
11.59,74.50,16.88,75.83,982.92,rain
15.21,60.41,2.58,75.50,1046.77,no rain
33.31,99.16,9.49,79.03,1034.02,no rain
15.38,73.00,7.70,54.35,1048.21,rain
31.46,52.59,16.91,82.01,1024.99,no rain
30.07,78.39,11.23,26.85,1045.95,no rain
13.98,64.70,9.50,91.44,1036.22,no rain
25.14,91.68,11.92,40.20,1001.61,no rain
12.89,92.76,4.64,53.02,1032.79,rain
28.20,55.71,10.43,16.62,988.51,no rain
25.94,69.36,7.00,3.50,1015.44,no rain
30.30,48.60,2.18,9.18,1043.61,no rain
21.98,73.86,15.83,0.22,1016.72,no rain
32.87,99.46,7.22,77.06,1046.27,no rain
11.23,88.28,5.58,75.96,1006.72,rain
17.32,55.65,0.01,41.68,1016.69,no rain
27.88,36.68,0.76,60.86,1019.86,no rain
20.45,97.67,5.04,15.00,1047.23,no rain
14.32,57.27,6.59,84.45,1029.54,no rain
12.68,50.54,13.98,62.11,1021.64,no rain
30.43,52.14,7.37,35.24,984.60,no rain
21.83,64.29,15.93,85.63,995.61,no rain
32.06,96.97,11.74,71.06,988.64,no rain
28.33,99.06,7.01,41.83,1015.78,no rain
20.24,50.73,3.15,36.31,1049.36,no rain
19.34,54.60,0.03,20.15,1038.63,no rain
22.89,65.83,7.66,17.48,1014.22,no rain
32.23,30.57,8.13,45.15,1016.01,no rain
28.43,42.24,7.28,37.00,982.89,no rain
10.13,95.52,16.05,6.14,1038.47,no rain
27.35,32.06,1.91,31.01,1006.73,no rain
32.99,37.07,2.30,13.37,981.94,no rain
27.76,59.45,4.67,80.21,1044.70,no rain
14.43,81.20,10.27,47.82,1010.79,no rain
22.09,48.82,14.52,18.41,1027.22,no rain
13.51,51.42,18.07,16.14,1017.80,no rain
18.97,51.38,5.34,81.86,1035.28,no rain
33.43,91.08,2.56,55.68,1047.37,no rain
33.08,45.83,10.18,50.29,1023.47,no rain
17.07,69.37,5.99,44.80,988.18,no rain
18.49,100.00,19.69,74.45,1021.18,rain
25.01,80.99,0.80,55.03,982.22,no rain
34.08,53.54,3.82,11.93,1004.14,no rain
13.70,83.58,15.07,6.95,985.18,no rain
16.42,96.77,7.73,26.79,1000.00,no rain
31.84,56.15,11.24,97.33,1042.91,no rain
22.30,79.56,16.31,8.17,994.83,no rain
32.47,35.31,13.34,53.80,1034.78,no rain
14.64,92.67,12.07,92.09,1007.75,rain
23.32,36.74,13.64,7.69,1005.84,no rain
18.16,56.10,1.28,19.03,1039.11,no rain
17.91,67.98,1.96,62.10,1008.89,no rain
21.17,48.45,12.15,1.38,1048.77,no rain
20.83,75.45,7.36,92.63,993.92,rain
18.93,68.81,19.91,10.74,1041.56,no rain
32.87,80.20,16.41,6.04,998.98,no rain
28.29,54.79,18.53,19.22,1018.87,no rain
28.19,68.22,3.61,61.03,988.39,no rain
17.25,86.85,12.49,94.11,983.28,rain
24.44,86.75,0.56,47.91,1006.09,no rain
29.48,80.00,14.70,53.53,992.55,no rain
29.89,67.94,0.84,44.31,1014.17,no rain
18.61,77.13,13.48,53.63,997.01,rain
29.27,36.08,4.25,26.94,982.72,no rain
28.40,62.99,11.82,69.49,1030.28,no rain
13.54,90.21,5.52,70.99,1003.37,rain
31.65,72.52,0.45,52.08,992.06,no rain
21.03,95.92,13.71,85.95,1046.36,rain
22.16,48.35,8.97,66.08,1014.20,no rain
21.21,36.74,14.48,49.35,1019.41,no rain
24.20,73.86,1.13,84.21,1047.36,rain
25.53,36.36,10.60,58.43,988.27,no rain
22.45,84.75,1.09,7.60,992.76,no rain
31.67,47.97,2.88,80.26,1029.71,no rain
25.69,67.71,15.69,84.56,1019.26,no rain
20.04,86.80,4.57,4.81,1009.07,no rain
20.42,85.16,1.87,77.04,987.85,rain
30.27,64.72,2.84,98.09,1020.88,no rain
18.70,98.31,2.83,79.07,1010.90,rain
15.29,64.83,16.88,39.79,1026.97,no rain
11.48,49.52,11.80,71.77,1001.03,no rain
31.90,51.17,15.85,29.22,1008.18,no rain
32.96,82.05,5.14,65.77,1001.56,no rain
13.00,60.60,12.53,51.75,994.07,no rain
18.36,59.32,17.98,66.22,1015.56,no rain
14.38,31.43,10.68,41.38,1038.04,no rain
12.90,51.37,17.41,15.42,982.41,no rain
32.50,90.23,4.36,42.10,1013.98,no rain
11.42,86.25,19.34,47.74,1032.65,no rain
34.51,82.26,1.59,67.79,1024.38,no rain
12.41,31.62,15.22,28.45,1049.51,no rain
31.59,31.89,4.03,64.57,984.01,no rain
24.16,51.80,2.34,23.38,991.32,no rain
19.20,63.21,11.18,76.49,1002.38,no rain
18.56,93.68,6.34,72.21,980.44,rain
28.93,56.92,4.45,11.77,1016.36,no rain
17.86,50.20,8.78,59.27,1024.84,no rain
26.43,69.98,19.77,8.81,1009.31,no rain
22.93,94.03,12.65,96.91,1009.21,rain
22.12,81.70,5.57,33.92,1041.41,no rain
32.53,89.97,19.72,2.03,1022.83,no rain
23.87,42.75,5.58,50.36,998.45,no rain
30.67,38.80,14.39,12.19,1002.38,no rain
28.14,68.08,5.27,65.09,994.06,no rain
10.96,78.82,15.49,73.10,998.53,rain
29.33,96.85,12.88,85.93,1026.91,no rain
15.42,56.01,11.45,88.86,1024.64,no rain
32.58,54.26,9.18,30.94,998.32,no rain
11.07,66.11,4.86,35.78,1017.78,no rain
18.33,77.95,12.19,97.45,1040.24,rain
12.49,69.62,17.49,43.39,998.79,no rain
21.89,80.61,0.63,40.47,981.74,no rain
30.50,56.62,14.65,92.54,999.33,no rain
17.45,90.35,17.60,18.73,1045.85,no rain
13.77,42.81,12.34,47.41,981.44,no rain
18.26,52.11,5.17,48.54,988.51,no rain
30.35,84.16,7.03,74.25,992.16,no rain
13.51,53.50,14.98,43.54,1029.44,no rain
15.68,76.77,7.34,86.32,1048.51,rain
11.72,50.15,0.16,67.02,1021.18,no rain
27.64,43.10,2.11,93.10,986.19,no rain
19.88,51.05,5.71,26.20,1012.06,no rain
17.77,92.09,7.86,81.24,1034.81,rain
27.97,62.26,7.29,11.68,992.54,no rain
18.40,45.78,16.13,80.19,1000.71,no rain
28.19,52.50,4.43,84.87,1026.73,no rain
30.38,30.19,8.21,40.66,1002.25,no rain
15.44,82.91,16.28,70.00,1031.02,rain
34.35,45.80,15.87,96.87,1035.66,no rain
14.06,71.85,4.10,18.49,1038.15,no rain
17.27,31.76,7.28,61.81,1018.59,no rain
14.49,88.41,3.13,4.74,1006.52,no rain
18.64,43.12,1.80,33.86,1023.29,no rain
22.00,30.33,11.08,14.12,993.04,no rain
23.05,51.08,6.39,53.68,994.32,no rain
31.34,94.43,10.27,60.32,1037.31,no rain
32.24,48.38,11.76,98.94,1037.21,no rain
15.50,65.24,12.12,96.68,1008.48,no rain
25.57,58.51,18.82,88.27,1012.72,no rain
12.79,50.60,4.69,56.75,1010.08,no rain
21.47,94.91,17.96,88.61,1011.67,rain
18.06,85.23,1.03,35.49,995.95,no rain
17.91,83.33,0.61,20.09,995.28,no rain
22.06,66.83,2.18,52.60,1038.29,no rain
28.25,87.74,12.87,53.12,1026.70,no rain
11.73,62.09,10.61,91.01,1048.30,no rain
31.98,62.56,3.24,0.57,991.22,no rain
28.37,64.56,2.96,85.56,1044.64,no rain
14.41,46.58,10.59,60.82,1033.59,no rain
33.48,94.66,19.18,93.96,1016.93,no rain
22.66,48.11,3.65,74.52,1025.73,no rain
35.00,43.87,5.18,36.63,1038.63,no rain
14.93,47.06,2.41,63.48,1016.93,no rain
23.37,87.21,11.89,36.97,1025.32,no rain
17.26,83.80,18.54,92.16,1048.37,rain
17.60,59.90,4.76,1.97,1030.42,no rain
24.78,30.96,9.45,55.48,985.49,no rain
33.04,98.30,18.15,50.73,1030.18,no rain
30.13,39.28,14.17,19.01,1048.17,no rain
28.10,89.60,10.57,42.81,1007.35,no rain
23.98,84.72,12.79,29.69,983.04,no rain
33.06,95.67,14.62,67.04,1030.91,no rain
22.31,84.14,14.57,75.31,1001.64,rain
31.85,53.20,9.70,77.14,1044.25,no rain
30.85,46.23,5.63,39.44,992.78,no rain
15.35,56.44,4.12,19.14,1006.37,no rain
29.28,44.22,18.37,29.41,981.66,no rain
10.30,80.37,1.16,53.47,1010.71,rain
18.07,87.86,6.74,61.53,993.30,rain
15.74,75.25,13.80,79.49,1021.80,rain
22.67,43.03,12.00,71.97,1032.23,no rain
28.42,32.62,8.66,17.44,999.59,no rain
12.44,70.63,2.08,74.40,989.36,rain
22.87,62.39,2.79,11.51,988.38,no rain
33.46,43.98,13.93,91.78,997.83,no rain
15.72,55.77,9.67,68.98,1037.99,no rain
26.93,67.90,6.79,11.19,1010.31,no rain
24.82,74.30,7.50,83.66,993.51,rain
10.25,63.37,8.57,67.84,999.85,no rain
21.90,98.00,13.66,71.19,1004.49,rain
27.72,33.24,12.02,48.74,994.28,no rain
11.10,76.07,1.41,60.47,1017.77,rain
31.99,93.67,3.15,42.81,1019.86,no rain
23.00,46.56,1.41,56.75,1034.57,no rain
10.77,44.96,0.69,78.98,1028.69,no rain
15.61,83.36,15.52,19.98,997.21,no rain
33.84,64.05,17.02,87.59,991.03,no rain
24.56,99.45,8.32,30.60,1043.27,no rain
12.69,71.24,19.38,14.76,1037.79,no rain
17.19,94.64,17.27,63.45,980.52,rain
21.42,30.85,17.21,52.44,981.64,no rain
10.52,40.82,7.34,29.15,1014.22,no rain
20.29,77.91,19.09,62.82,1038.68,rain
22.24,59.15,14.98,71.44,1044.77,no rain
16.09,88.52,7.07,27.26,993.58,no rain
24.72,60.02,17.78,11.66,1036.65,no rain
28.83,79.91,0.08,51.03,1009.12,no rain
15.90,69.63,11.43,28.30,1025.64,no rain
25.51,38.39,10.40,32.52,1002.09,no rain
25.99,80.26,1.64,49.40,988.82,no rain
33.71,79.45,17.25,73.12,1029.53,no rain
29.46,38.10,5.63,1.50,1001.56,no rain
31.21,69.33,7.53,47.82,982.08,no rain
22.26,53.50,9.50,12.35,1047.68,no rain
14.63,62.12,16.34,85.32,1010.02,no rain
34.90,59.59,11.90,25.98,986.95,no rain
13.23,37.33,11.28,40.40,1036.87,no rain
21.79,41.06,7.25,4.74,1039.40,no rain
11.70,36.08,5.59,14.91,1001.09,no rain
33.60,43.47,9.56,0.18,1027.79,no rain
34.12,89.67,5.11,36.00,988.42,no rain
27.98,31.72,6.79,81.07,1007.10,no rain
18.75,60.21,8.81,57.58,995.51,no rain
16.36,86.07,16.87,83.99,997.19,rain
16.63,37.02,18.61,17.55,1047.54,no rain
13.18,45.94,16.59,67.73,982.43,no rain
23.15,80.92,10.51,74.59,1018.55,rain
13.55,75.33,14.23,34.40,1024.55,no rain
17.92,69.41,6.70,11.43,1003.37,no rain
25.67,42.01,9.18,74.22,997.01,no rain
28.19,85.62,18.81,52.15,1035.75,no rain
10.61,39.90,7.10,46.97,991.97,no rain
20.75,39.44,3.46,83.71,1025.54,no rain
26.30,85.65,9.44,49.29,1049.99,no rain
31.33,55.85,13.05,29.50,1038.65,no rain
21.88,51.88,2.53,74.84,1009.66,no rain
34.23,49.51,2.44,26.98,1027.72,no rain
16.64,52.75,6.07,27.63,1021.19,no rain
10.34,53.84,18.15,20.87,1025.65,no rain
22.09,78.75,13.49,10.34,1001.80,no rain
16.40,46.82,4.44,80.16,1015.35,no rain
30.59,52.77,12.07,70.07,985.35,no rain
15.82,84.33,13.20,38.32,996.24,no rain
17.77,93.92,10.46,72.50,1007.98,rain
29.78,72.90,15.19,96.12,990.97,no rain
27.88,37.36,0.49,46.62,991.16,no rain
23.95,67.91,3.82,48.83,992.48,no rain
27.62,73.94,19.33,52.91,1018.61,no rain
20.47,51.98,9.95,26.66,1011.67,no rain
10.13,87.96,1.53,24.80,1023.54,no rain
10.28,84.75,6.16,48.84,1048.67,no rain
22.78,70.27,0.04,50.07,1022.49,rain
12.08,40.15,11.59,28.93,995.77,no rain
11.28,78.82,19.99,58.23,998.58,rain
34.14,92.67,11.80,77.08,993.82,no rain
31.48,47.51,12.20,68.96,1034.38,no rain
13.80,97.11,6.55,14.71,1014.78,no rain
10.02,83.99,4.74,64.24,987.95,rain
33.54,51.02,10.16,0.34,1041.16,no rain
16.96,73.18,18.00,39.27,1007.70,no rain
14.65,51.55,0.20,46.10,1022.67,no rain
27.29,36.96,11.39,79.56,1048.22,no rain
12.72,87.69,8.57,88.01,1020.85,rain
16.62,76.61,12.42,71.82,1015.57,rain
34.38,72.98,16.80,77.53,1043.55,no rain
25.99,39.95,8.98,93.16,1042.68,no rain
23.02,56.42,4.35,48.45,1011.91,no rain
19.95,91.36,7.53,27.97,1027.78,no rain
29.36,41.43,3.01,37.01,1027.45,no rain
13.52,33.35,1.70,42.86,1000.75,no rain
34.18,43.38,7.52,31.62,991.43,no rain
31.53,47.51,12.51,30.37,1019.82,no rain
25.44,84.85,5.26,98.27,982.53,no rain
11.07,75.37,18.31,99.23,1037.60,rain
27.52,31.21,13.78,64.29,1033.24,no rain
32.83,31.21,13.73,80.98,1029.62,no rain
23.11,69.68,13.83,72.11,1044.97,no rain
18.86,74.33,0.03,68.21,1047.06,rain
13.01,38.78,16.26,14.65,1012.71,no rain
28.87,72.73,18.35,13.67,1027.24,no rain
32.13,46.82,0.39,88.58,1048.22,no rain
12.51,53.57,11.97,1.43,1039.74,no rain
28.97,58.62,13.53,67.98,1025.79,no rain
10.43,38.13,3.92,80.48,1010.76,no rain
34.18,97.42,16.76,71.79,1031.98,no rain
25.38,98.16,12.52,14.44,984.09,no rain
23.81,61.15,4.50,64.05,981.62,no rain
17.40,48.02,19.34,12.35,1032.75,no rain
33.23,97.10,4.32,46.22,989.07,no rain
16.65,87.26,13.57,65.48,1036.83,rain
30.70,80.70,9.48,37.19,1007.61,no rain
34.63,62.33,14.47,51.72,1046.61,no rain
29.58,58.74,1.96,94.70,984.48,no rain
22.97,84.55,19.05,31.04,1015.20,no rain
11.65,66.37,4.09,17.50,998.89,no rain
21.81,76.24,4.41,90.76,987.08,rain
20.96,69.63,11.08,48.33,1017.88,no rain
15.07,79.85,6.99,49.64,980.44,no rain
20.59,36.59,8.84,95.36,994.72,no rain
18.94,56.43,0.74,26.78,1011.63,no rain
14.09,41.70,4.70,79.65,1004.23,no rain
21.03,46.94,15.47,56.02,1040.42,no rain
16.57,44.06,18.04,69.00,1000.01,no rain
23.05,65.23,4.67,47.06,1002.55,no rain
10.88,31.33,15.47,38.39,1043.75,no rain
32.66,97.48,0.58,14.41,992.00,no rain
30.41,66.33,0.89,98.75,1023.72,no rain
23.81,33.68,7.86,72.72,1007.71,no rain
31.30,77.74,2.96,45.51,984.56,no rain
34.06,48.82,3.32,49.29,1035.78,no rain
12.76,37.47,12.55,0.03,1049.87,no rain
25.77,88.12,17.16,2.96,1009.57,no rain
34.95,43.85,15.58,80.76,1021.88,no rain
34.70,37.33,6.73,4.62,1038.60,no rain
25.08,33.98,17.50,77.17,1035.00,no rain
13.20,81.00,16.83,71.34,1015.35,rain
24.58,75.87,10.48,67.93,999.89,rain
10.05,30.57,9.52,54.45,997.63,no rain
14.97,45.50,1.17,34.73,1040.85,no rain
33.90,79.33,3.01,97.26,985.37,no rain
18.26,40.65,1.71,91.07,1021.32,no rain
25.96,70.37,10.54,47.43,1014.24,no rain
17.02,44.92,13.53,17.54,1014.42,no rain
33.70,61.45,12.38,23.46,1036.34,no rain
28.21,90.72,17.46,1.40,990.64,no rain
18.24,51.18,13.17,87.23,1049.20,no rain
29.79,78.02,16.59,36.34,1002.02,no rain
12.70,60.68,2.81,48.58,1037.82,no rain
19.81,36.73,3.43,52.65,991.67,no rain
15.53,55.24,18.37,79.31,1033.16,no rain
27.09,88.89,7.09,61.51,1027.30,no rain
12.56,98.11,4.34,6.93,1035.65,no rain
19.93,89.16,18.24,37.71,1049.94,no rain
16.92,41.36,19.40,45.63,1027.84,no rain
22.66,54.19,12.76,71.82,1016.10,no rain
18.75,88.18,7.77,78.40,1028.91,rain
27.66,68.77,13.77,0.52,1033.09,no rain
10.61,84.33,0.31,59.87,1012.23,rain
25.85,84.44,2.89,2.97,996.02,no rain
15.76,34.98,7.37,83.55,995.27,no rain
16.72,53.97,16.64,24.00,981.53,no rain
30.01,63.53,6.09,33.31,1033.09,no rain
33.89,96.17,1.16,23.29,1004.47,no rain
17.91,92.88,7.57,86.78,1033.10,rain
30.67,59.61,4.83,30.07,989.12,no rain
12.60,36.70,1.12,74.21,1027.06,no rain
25.85,58.32,7.98,61.30,983.01,no rain
28.78,67.51,7.03,86.27,1021.56,no rain
13.90,93.31,14.68,19.78,981.80,no rain
20.65,50.64,1.26,51.72,1028.82,no rain
32.32,51.62,7.58,83.37,1035.44,no rain
12.59,73.90,6.85,61.06,1008.87,rain
10.45,65.36,12.94,1.23,1004.93,no rain
24.76,43.71,17.76,25.36,996.25,no rain
20.89,40.13,2.86,68.43,1039.77,no rain
29.97,64.26,16.33,61.16,1012.72,no rain
33.09,84.56,12.19,89.65,1032.93,no rain
17.48,84.52,0.58,92.55,1023.39,rain
19.71,98.31,15.34,80.03,990.21,rain
22.16,56.79,10.75,18.36,991.91,no rain
24.70,57.44,16.00,37.20,998.36,no rain
34.60,30.13,8.18,96.47,1040.07,no rain
27.43,88.09,13.31,48.38,1002.68,no rain
19.74,75.26,3.98,33.40,1042.23,no rain
16.59,83.89,3.84,96.20,1024.08,rain
33.62,62.94,6.81,69.95,1029.58,no rain
13.39,94.41,10.39,69.64,999.63,rain
28.01,32.04,14.33,41.24,983.37,no rain
33.13,38.07,13.34,9.35,1011.77,no rain
26.62,56.32,16.43,98.35,1024.84,no rain
20.58,35.96,8.53,8.48,1003.47,no rain
14.97,36.15,18.25,66.60,1046.69,no rain
19.19,69.68,2.18,5.11,1024.72,no rain
27.67,45.13,3.74,1.43,1049.56,no rain
26.24,73.86,13.67,0.99,1036.09,no rain
33.20,95.06,5.08,94.24,1015.72,no rain
31.67,87.67,3.29,46.22,991.50,no rain
30.40,47.39,17.73,60.20,1025.50,no rain
32.79,36.28,1.37,14.13,990.59,no rain
16.91,96.51,19.83,48.77,1008.40,no rain
19.24,99.61,17.25,51.88,1014.55,rain
19.50,56.21,17.37,15.26,1014.63,no rain
24.01,62.25,12.57,45.80,997.35,no rain
26.71,40.17,4.50,88.65,981.61,no rain
17.17,79.71,15.96,57.52,1018.73,rain
10.49,59.53,1.08,18.60,1011.62,no rain
19.98,86.21,11.64,95.53,984.47,rain
17.71,70.41,8.78,89.28,1016.23,rain
33.55,32.99,15.01,92.70,988.05,no rain
32.21,53.45,0.48,78.09,1049.43,no rain
31.51,86.60,7.74,56.14,1031.80,no rain
26.32,78.17,9.54,77.58,1005.47,no rain
18.61,74.28,3.05,61.94,1038.78,rain
23.72,77.08,8.29,0.57,987.15,no rain
30.38,72.35,18.21,11.63,1041.44,no rain
12.47,74.88,9.37,10.95,1026.12,no rain
30.03,73.43,5.04,55.39,985.71,no rain
11.03,67.34,10.65,69.57,1010.62,no rain
30.41,83.04,1.22,93.94,1021.77,no rain
30.19,55.86,5.89,90.12,1023.66,no rain
11.28,63.27,15.67,59.78,1031.59,no rain
25.68,58.10,12.84,57.12,1026.14,no rain
22.56,44.64,0.48,6.83,1025.06,no rain
14.25,52.53,11.40,77.12,1037.43,no rain
13.71,33.85,4.35,26.60,981.44,no rain
29.33,52.79,19.51,91.79,1047.18,no rain
24.19,57.34,15.67,22.12,1010.12,no rain
34.57,36.54,2.56,69.63,999.91,no rain
34.56,45.43,7.71,11.23,1014.27,no rain
34.82,47.47,9.80,49.39,1045.82,no rain
12.97,45.92,3.65,14.90,1044.32,no rain
33.46,54.52,14.09,84.27,1037.24,no rain
16.11,40.14,16.83,61.40,995.63,no rain
21.46,81.21,0.09,97.72,1000.02,rain
28.94,53.99,2.66,14.10,1038.03,no rain
15.09,38.57,5.67,85.61,1025.65,no rain
24.16,71.55,19.68,73.43,997.22,rain
14.65,42.58,8.09,38.72,1040.84,no rain
12.62,34.06,3.41,1.79,1043.29,no rain
12.91,41.43,2.42,73.60,1024.44,no rain
18.94,59.40,18.03,9.81,1048.92,no rain
10.12,78.55,16.20,80.89,1018.61,rain
20.62,74.91,12.39,79.85,1040.07,rain
26.60,30.36,10.79,21.57,1001.23,no rain
20.04,85.53,15.54,96.59,1046.64,rain
12.14,53.50,6.36,79.29,1005.35,no rain
11.57,77.58,12.80,60.46,986.97,rain
16.95,32.29,14.74,73.50,990.86,no rain
14.23,57.57,11.51,46.83,1024.34,no rain
34.13,31.37,3.37,9.28,1033.00,no rain
13.78,87.14,19.72,63.69,983.83,rain
30.14,43.09,16.22,41.62,1012.87,no rain
24.65,77.22,9.81,97.89,1034.89,rain
24.23,49.39,12.40,6.33,1016.89,no rain
22.80,39.47,15.20,16.05,1009.32,no rain
34.29,95.12,9.17,90.03,992.39,no rain
19.10,71.65,14.78,48.70,987.95,no rain
29.70,92.34,15.46,19.31,1003.31,no rain
23.88,51.46,9.18,31.27,999.95,no rain
19.89,88.09,3.76,7.63,1005.74,no rain
33.89,95.92,11.96,63.39,985.33,no rain
24.96,57.66,11.09,92.01,995.82,no rain
12.97,93.29,10.01,57.02,1016.07,rain
20.44,53.46,1.17,64.20,1049.41,no rain
29.54,52.72,15.55,29.28,1009.10,no rain
27.34,99.70,10.77,70.84,1008.92,no rain
32.91,96.67,8.61,91.52,999.89,no rain
16.48,46.00,16.30,4.64,1019.04,no rain
28.95,88.60,3.94,21.73,1040.19,no rain
21.50,53.97,5.43,93.66,1026.86,no rain
24.34,98.55,12.79,80.50,1049.91,rain
33.88,89.49,7.80,7.03,1046.17,no rain
34.48,93.34,6.06,23.29,1039.04,no rain
31.54,70.16,5.09,36.52,982.92,no rain
18.98,50.59,9.71,31.93,1032.83,no rain
32.19,43.83,15.51,5.13,1023.11,no rain
25.97,66.95,16.11,17.07,1032.21,no rain
20.75,77.01,15.81,28.24,1048.42,no rain
10.89,81.93,17.71,15.31,995.43,no rain
29.25,41.93,1.01,82.75,1005.30,no rain
22.55,67.51,19.64,52.04,1018.68,no rain
29.65,60.53,8.53,22.14,1003.53,no rain
28.70,44.58,3.86,84.77,1040.52,no rain
29.84,68.71,19.40,76.07,1017.98,no rain
17.52,49.31,16.50,38.63,980.37,no rain
30.02,67.45,18.59,84.12,1043.77,no rain
23.72,44.01,10.46,63.74,1016.55,no rain
21.83,93.00,14.95,62.35,1028.02,rain
26.88,53.67,10.39,10.39,1015.61,no rain
10.53,72.72,10.79,40.82,1022.99,no rain
12.56,38.54,19.03,7.14,1048.67,no rain
17.30,74.10,14.77,40.09,1010.93,no rain
34.57,49.04,11.34,5.94,1028.86,no rain
13.49,96.96,7.85,19.29,1040.16,no rain
18.26,57.59,3.29,45.64,987.32,no rain
11.28,72.52,2.31,61.81,1020.69,rain
18.28,45.11,5.99,18.10,1012.10,no rain
18.01,90.30,13.86,8.24,1049.45,no rain
33.67,86.30,3.83,87.37,1045.59,no rain
31.13,47.19,2.63,8.35,993.03,no rain
19.57,93.77,1.56,56.87,986.83,rain
10.62,32.81,16.92,79.13,1011.75,no rain
30.78,82.68,4.82,16.75,981.34,no rain
26.51,62.05,4.02,64.63,1014.79,no rain
13.81,88.48,7.82,73.06,1031.69,rain
34.90,62.58,12.59,70.72,1041.83,no rain
12.51,34.59,11.73,5.17,1047.43,no rain
31.68,45.86,18.47,64.16,1044.18,no rain
17.36,99.61,13.64,15.71,1043.98,no rain
20.88,53.39,11.24,30.20,1003.44,no rain
29.89,41.22,14.23,92.88,1007.06,no rain
26.94,86.41,13.27,5.22,1036.99,no rain
33.45,33.15,15.35,86.17,1012.70,no rain
25.53,34.65,11.45,55.12,990.54,no rain
12.45,50.83,16.15,3.13,1011.80,no rain
32.11,33.32,18.00,75.40,1005.89,no rain
29.23,99.70,13.93,85.75,985.97,no rain
27.80,78.38,7.15,45.76,1004.53,no rain
11.34,66.37,5.60,79.18,1047.15,no rain
19.91,86.36,12.74,91.05,1044.85,rain
14.19,76.37,12.63,56.82,1047.84,rain
30.55,42.13,0.48,91.67,1020.02,no rain
27.51,45.37,14.94,41.70,987.41,no rain
32.08,90.74,4.44,81.19,995.89,no rain
34.16,53.59,1.09,78.07,993.05,no rain
29.37,61.33,3.06,71.89,993.21,no rain
34.86,57.38,13.14,41.14,1042.18,no rain
25.37,33.64,10.46,46.82,994.28,no rain
10.93,79.32,16.94,20.94,1006.53,no rain
10.36,67.81,2.13,27.81,986.51,no rain
18.55,77.33,16.59,68.23,982.56,rain
30.59,49.48,13.02,32.54,1046.35,no rain
31.65,58.48,4.30,72.43,1033.37,no rain
34.02,43.49,14.74,62.44,1010.44,no rain
11.63,59.38,14.83,35.65,991.82,no rain
11.11,75.74,2.16,16.76,1048.63,no rain
32.83,96.13,5.33,31.98,1010.39,no rain
17.63,76.44,12.78,36.52,1018.12,no rain
23.95,66.76,7.61,64.58,985.28,no rain
34.56,59.15,15.30,6.18,999.57,no rain
20.01,37.39,10.72,86.61,998.36,no rain
26.65,63.40,17.14,62.53,989.73,no rain
20.02,40.86,2.22,5.32,1042.59,no rain
29.20,70.75,14.67,25.15,993.57,no rain
23.19,81.12,9.29,15.06,982.16,no rain
15.94,96.25,10.39,58.18,1049.01,rain
16.78,50.78,5.68,56.90,1045.77,no rain
16.45,57.78,5.38,36.42,1030.61,no rain
23.31,42.81,3.80,75.98,1038.90,no rain
27.58,91.46,7.47,6.18,990.94,no rain
33.73,87.69,4.78,82.74,985.60,no rain
27.35,84.25,3.79,88.85,1040.50,no rain
29.53,34.01,19.24,18.59,1005.09,no rain
14.22,68.97,8.95,94.04,1002.59,no rain
19.35,46.45,13.56,73.24,1028.21,no rain
20.34,38.38,7.48,89.34,1032.99,no rain
27.16,84.71,11.40,79.15,1022.96,no rain
17.40,44.81,9.98,6.79,986.67,no rain
17.58,65.06,12.25,24.69,1005.57,no rain
18.90,66.83,14.45,85.09,980.92,no rain
30.26,44.93,13.28,4.81,986.82,no rain
24.44,64.46,15.24,70.92,1030.99,no rain
11.88,33.70,2.93,68.13,999.08,no rain
11.96,30.01,1.88,44.40,991.17,no rain
19.28,91.62,6.78,57.48,1048.63,rain
29.16,59.09,9.64,26.05,1037.42,no rain
27.22,93.52,4.49,59.07,1027.75,no rain
27.70,64.74,15.46,68.81,1002.79,no rain
29.18,60.18,14.39,38.56,991.74,no rain
17.18,50.71,18.27,14.80,1037.13,no rain
23.71,35.72,14.58,94.50,1044.86,no rain
23.58,51.68,2.14,98.95,1040.46,no rain
28.49,72.59,13.30,6.99,997.68,no rain
33.92,83.40,8.24,5.57,986.24,no rain
16.95,67.86,5.19,36.27,1015.29,no rain
29.83,83.08,12.04,93.95,1034.12,no rain
26.50,41.04,6.04,38.00,1048.72,no rain
24.51,70.83,10.62,22.88,1044.11,no rain
29.37,91.78,11.52,97.62,982.24,no rain
33.60,45.26,10.58,23.36,981.54,no rain
10.92,45.94,0.21,68.47,1024.22,no rain
13.69,82.39,6.97,11.17,988.95,no rain
28.91,86.84,15.81,63.21,1022.52,no rain
12.09,47.36,6.94,14.50,980.66,no rain
22.90,53.21,10.19,27.87,1031.92,no rain
15.50,74.22,6.93,43.65,1007.10,no rain
16.86,57.89,3.98,76.50,1033.05,no rain
27.55,73.68,4.00,55.52,1028.49,no rain
10.75,64.75,14.98,18.01,1013.43,no rain
31.83,84.16,12.56,75.49,1015.60,no rain
21.11,89.21,18.64,63.77,986.31,rain
22.56,90.47,8.42,1.92,1025.39,no rain
23.50,72.81,12.73,6.56,1024.85,no rain
26.14,72.88,9.37,9.21,1037.11,no rain
18.62,61.48,9.48,24.95,983.44,no rain
12.53,31.93,17.08,27.67,993.14,no rain
17.96,50.94,9.09,67.75,1026.41,no rain
14.20,34.46,18.56,65.03,1018.62,no rain
23.90,60.64,12.41,87.20,1009.04,no rain
17.95,89.46,1.71,81.53,981.89,rain
33.95,71.78,1.36,78.86,1038.38,no rain
34.14,77.29,19.65,58.89,1000.31,no rain
25.50,43.16,7.99,10.66,1005.54,no rain
25.44,48.34,11.75,68.77,1011.89,no rain
34.63,41.42,8.63,30.23,1018.14,no rain
32.18,88.99,3.18,78.34,996.87,no rain
29.13,49.62,2.51,36.67,1014.91,no rain
17.84,69.36,4.25,13.44,1044.78,no rain
19.14,39.88,12.11,60.53,994.12,no rain
15.03,38.68,10.93,88.28,1018.54,no rain
22.18,54.33,6.57,17.59,1048.12,no rain
34.76,53.12,0.88,29.44,1013.58,no rain
32.80,53.02,6.48,26.44,1043.36,no rain
12.96,72.07,7.97,78.23,982.66,rain
10.63,52.12,15.13,15.22,1016.67,no rain
32.47,83.81,14.75,44.04,980.20,no rain
23.43,36.35,4.43,37.66,998.97,no rain
15.00,52.74,4.55,76.93,1044.16,no rain
26.84,76.84,12.56,43.94,1009.08,no rain
26.11,72.21,13.04,24.89,1012.41,no rain
13.05,38.37,11.22,8.06,1008.22,no rain
16.49,60.76,2.24,48.58,1031.76,no rain
11.50,51.65,5.71,24.90,1007.87,no rain
15.25,74.23,0.63,68.55,1015.77,rain
13.31,39.09,15.23,24.01,984.44,no rain
14.83,76.94,16.13,53.70,1029.93,rain
27.14,62.47,18.41,63.66,1017.40,no rain
11.24,49.24,1.76,90.07,1048.15,no rain
12.55,82.32,18.12,90.54,1040.98,rain
13.35,43.15,18.37,66.85,1004.18,no rain
17.91,40.66,19.95,21.34,1006.07,no rain
17.47,31.07,15.56,6.02,1026.22,no rain
16.38,90.29,5.25,75.22,1012.09,rain
28.76,64.47,5.29,36.00,1018.82,no rain
34.95,66.17,13.76,12.07,1047.97,no rain
23.35,38.03,13.59,83.52,986.35,no rain
33.61,37.54,13.21,53.71,1021.63,no rain
19.92,53.36,7.06,94.90,1027.43,no rain
12.67,66.14,10.40,57.89,995.36,no rain
20.22,79.06,6.03,95.13,1021.03,rain
17.40,64.95,11.94,54.85,1034.25,no rain
22.34,88.21,15.45,17.20,999.99,no rain
26.43,56.42,13.97,96.40,1048.39,no rain
21.53,31.97,8.65,8.98,989.12,no rain
33.38,59.83,10.49,18.27,1013.17,no rain
32.12,35.95,15.45,99.59,1031.02,no rain
27.55,52.54,4.66,77.86,1010.81,no rain
22.24,98.96,4.43,84.08,1016.01,rain
13.29,90.01,9.70,47.15,1013.24,no rain
19.93,46.55,9.88,37.87,983.75,no rain
27.61,56.32,0.47,27.15,1002.50,no rain
17.12,60.18,11.64,5.38,985.80,no rain
12.60,83.47,8.35,4.73,1033.22,no rain
32.70,32.34,11.53,32.80,1013.43,no rain
27.73,32.70,18.30,22.39,1008.50,no rain
25.38,38.20,6.66,66.68,1033.27,no rain
29.81,73.98,2.16,16.96,1026.00,no rain
30.89,59.02,4.13,90.91,1008.93,no rain
22.09,89.42,6.13,96.77,989.37,rain
32.03,49.88,17.27,47.49,1013.78,no rain
32.91,64.25,10.98,5.11,993.47,no rain
16.79,79.48,19.90,17.06,1009.36,no rain
25.19,68.16,5.70,26.72,1041.65,no rain
23.16,52.18,1.37,87.60,999.31,no rain
23.45,40.68,6.02,88.83,1010.36,no rain
33.44,67.84,19.85,96.63,982.20,no rain
17.63,39.95,14.86,26.26,1042.58,no rain
34.59,95.75,18.30,17.58,985.57,no rain
32.55,67.79,11.90,52.48,1024.41,no rain
21.47,42.24,5.51,34.44,1048.00,no rain
30.44,80.44,19.09,39.81,1043.92,no rain
29.23,37.25,4.58,45.24,982.17,no rain
26.95,84.02,7.94,6.09,998.91,no rain
18.00,62.01,5.87,32.46,987.54,no rain
14.91,39.29,12.87,74.32,1008.39,no rain
26.79,32.60,8.36,47.87,1011.69,no rain
31.07,99.54,19.14,76.55,991.70,no rain
10.41,49.21,19.35,67.23,1034.22,no rain
26.07,96.66,1.94,94.12,1004.43,no rain
21.07,65.13,18.57,69.04,1007.94,no rain
32.45,65.21,15.96,55.95,1000.81,no rain
18.04,36.37,14.25,15.72,1000.06,no rain
21.85,96.55,7.26,92.11,1009.40,rain
22.87,81.30,13.59,99.67,1008.72,rain
13.51,66.31,16.21,84.25,1016.06,no rain
27.82,38.42,16.61,9.35,1029.62,no rain
30.76,42.30,16.12,11.14,987.82,no rain
11.45,60.25,6.40,36.49,986.51,no rain
17.28,55.36,3.70,69.60,990.88,no rain
10.95,69.07,10.88,82.69,986.73,no rain
33.91,35.34,5.08,18.08,991.38,no rain
26.68,32.82,15.70,62.52,982.19,no rain
34.11,65.78,0.89,15.96,1037.89,no rain
23.29,32.00,8.51,11.21,1036.08,no rain
30.05,34.17,15.57,47.10,981.67,no rain
19.36,56.34,1.61,86.10,1002.75,no rain
18.85,34.32,13.74,62.77,1023.85,no rain
19.46,56.98,4.62,68.15,990.73,no rain
26.45,46.92,2.55,39.32,992.02,no rain
18.99,43.14,6.16,26.69,984.71,no rain
32.51,58.33,0.39,93.21,991.02,no rain
34.58,38.39,12.60,41.14,1025.30,no rain
10.76,54.47,6.66,51.34,1024.08,no rain
14.84,60.44,19.87,7.22,998.69,no rain
12.81,88.10,1.96,6.92,998.06,no rain
11.06,95.30,17.90,75.81,1009.09,rain
15.69,51.58,9.96,93.20,1013.51,no rain
21.17,50.48,2.35,63.67,1044.23,no rain
30.92,69.66,17.12,90.00,1027.42,no rain
15.55,39.62,2.22,77.40,1002.40,no rain
22.35,54.48,12.92,12.89,1033.59,no rain
33.24,33.73,4.90,6.67,1010.99,no rain
26.68,56.53,8.98,94.21,1021.26,no rain
29.95,37.99,11.46,16.16,1025.94,no rain
23.77,69.33,18.39,62.92,1002.76,no rain
34.51,74.91,5.69,23.58,1015.04,no rain
24.72,99.10,7.75,51.55,987.07,rain
11.14,43.66,3.99,48.75,1039.29,no rain
14.95,44.50,6.87,71.87,1046.67,no rain
20.12,96.32,2.52,82.05,1043.13,rain
25.03,90.52,10.96,99.89,983.13,no rain
29.30,73.12,11.18,20.85,1039.70,no rain
20.33,88.90,12.47,43.67,1038.95,no rain
27.75,44.68,4.61,37.60,989.15,no rain
29.75,91.18,8.65,3.38,1030.47,no rain
17.93,90.71,0.83,23.68,983.77,no rain
34.48,47.37,0.81,54.64,1036.83,no rain
26.24,65.59,6.19,87.69,1036.14,no rain
32.02,95.08,9.78,31.38,1047.74,no rain
23.90,77.54,13.86,70.14,1010.38,rain
28.54,76.24,15.17,94.01,1014.78,no rain
29.26,69.18,8.04,17.94,1010.18,no rain
32.71,48.82,15.11,10.86,1015.73,no rain
13.76,98.49,14.55,98.65,1037.08,rain
23.96,61.33,12.65,5.00,1040.79,no rain
20.71,51.80,2.83,28.10,981.08,no rain
33.08,81.00,5.74,86.93,1026.78,no rain
12.63,72.54,10.68,27.54,1023.69,no rain
34.56,53.96,16.28,17.55,1022.83,no rain
31.89,51.27,8.07,78.18,1032.47,no rain
11.85,45.02,19.34,72.57,1031.31,no rain
22.27,35.49,13.31,10.78,987.52,no rain
27.94,73.80,6.26,50.18,1029.72,no rain
28.45,65.40,11.23,89.35,1038.04,no rain
32.66,46.44,7.50,42.41,980.86,no rain
30.00,33.86,18.24,22.22,1002.38,no rain
17.77,31.32,0.97,69.44,994.01,no rain
22.46,81.69,4.58,22.79,981.32,no rain
27.54,43.18,1.93,90.80,1040.81,no rain
13.46,48.67,16.11,41.88,1017.63,no rain
14.85,30.99,3.82,48.78,1031.59,no rain
22.03,40.54,14.86,69.45,995.23,no rain
17.46,91.21,11.23,35.95,988.73,no rain
31.56,46.94,16.60,94.20,990.91,no rain
24.66,96.78,19.90,27.29,1039.21,no rain
18.72,41.50,3.08,96.57,998.09,no rain
31.22,47.73,3.01,38.82,1023.24,no rain
30.12,90.74,12.72,78.03,1004.81,no rain
34.96,59.86,0.73,81.00,1010.83,no rain
31.18,48.75,16.35,62.10,1039.86,no rain
20.36,78.50,7.53,81.19,1031.40,rain
13.19,33.59,7.98,59.07,1003.50,no rain
31.02,92.34,11.44,60.23,1042.80,no rain
11.49,88.91,6.84,14.07,1002.11,no rain
18.76,36.01,6.00,89.05,1032.52,no rain
32.99,85.90,4.10,15.40,1035.29,no rain
34.02,97.28,14.38,50.54,1005.25,no rain
26.01,64.44,15.37,31.83,1016.71,no rain
27.22,69.77,12.16,28.85,1012.16,no rain
11.06,77.59,4.72,16.96,1023.72,no rain
22.86,48.67,13.90,54.78,1031.09,no rain
23.67,75.48,3.16,84.45,1043.85,rain
18.50,63.24,17.57,49.69,1020.87,no rain
11.71,58.39,8.93,35.99,1043.17,no rain
15.72,93.20,9.52,92.71,1049.50,rain
18.95,85.85,4.08,13.38,1018.20,no rain
20.88,95.42,12.31,48.03,997.65,no rain
24.77,88.57,19.70,76.14,1024.98,rain
28.06,32.93,11.78,89.79,1031.04,no rain
17.94,72.46,13.05,92.78,1025.38,rain
18.22,78.83,5.77,11.20,983.90,no rain
10.49,76.54,6.52,54.05,993.21,rain
11.02,49.04,3.93,21.15,996.70,no rain
16.45,59.79,10.29,17.72,997.15,no rain
28.51,32.73,2.96,86.56,1045.74,no rain
25.71,36.59,12.37,36.91,1026.76,no rain
29.24,69.24,9.31,10.61,996.25,no rain
29.22,70.77,12.49,21.83,991.59,no rain
31.41,44.09,1.41,38.09,983.38,no rain
28.01,61.37,17.68,64.97,999.81,no rain
34.48,63.05,7.57,62.42,1003.57,no rain
32.47,30.79,4.14,92.45,999.65,no rain
24.67,39.98,10.02,31.53,1030.39,no rain
24.70,73.70,18.60,39.71,1019.69,no rain
10.86,99.50,13.89,28.31,987.23,no rain
34.96,75.53,6.80,11.66,1025.46,no rain
13.29,38.42,6.08,96.10,1001.74,no rain
28.51,87.50,13.23,9.60,1031.90,no rain
30.53,60.21,1.78,47.28,1014.23,no rain
19.33,35.86,7.31,57.00,989.86,no rain
14.92,71.99,9.57,70.02,992.81,rain
12.47,45.96,15.21,27.21,1018.60,no rain
28.72,59.17,6.51,51.61,999.91,no rain
21.32,52.28,15.84,38.76,1006.74,no rain
27.84,75.00,15.65,9.70,1034.99,no rain
32.89,60.17,0.39,12.05,1018.92,no rain
13.66,37.28,3.81,40.37,1041.41,no rain
32.98,45.10,13.07,0.35,1028.16,no rain
20.29,65.03,9.92,2.50,990.77,no rain
17.63,85.24,0.55,5.33,986.97,no rain
33.58,30.68,7.19,76.54,1025.03,no rain
34.77,72.87,12.52,88.94,1017.49,no rain
14.97,38.11,19.83,90.43,1031.40,no rain
26.42,72.28,4.14,0.81,1018.82,no rain
12.66,88.58,3.05,65.42,1049.13,rain
26.27,45.99,7.29,28.64,1048.71,no rain
30.68,64.69,11.02,6.99,999.05,no rain
27.11,84.18,13.29,10.38,1035.43,no rain
20.43,42.29,7.22,6.67,1033.63,no rain
19.58,40.68,4.57,55.03,1038.83,no rain
19.83,93.35,0.10,30.69,1009.42,no rain
24.74,78.63,3.67,16.63,1044.95,no rain
32.04,81.56,2.00,14.55,1006.37,no rain
33.23,89.08,4.84,83.94,1029.93,no rain
11.34,67.76,6.45,2.26,1022.17,no rain
14.54,64.19,1.57,49.53,1005.48,no rain
12.81,68.94,8.12,7.27,995.95,no rain
14.83,80.19,3.35,14.60,1027.97,no rain
18.67,57.37,11.63,46.53,1043.16,no rain
22.66,36.66,7.56,20.69,1007.89,no rain
25.74,39.49,12.79,63.67,986.75,no rain
28.30,98.17,15.52,37.90,999.64,no rain
32.25,33.62,1.69,78.45,1008.05,no rain
34.73,79.81,7.65,65.79,1008.49,no rain
26.57,96.06,19.56,97.79,1024.64,no rain
31.13,39.05,0.05,35.70,988.06,no rain
29.45,80.56,9.18,44.62,987.88,no rain
17.69,51.17,9.38,66.82,992.15,no rain
31.89,46.59,16.47,42.21,991.60,no rain
11.07,89.68,5.80,23.91,992.30,no rain
10.01,93.65,15.52,0.67,980.37,no rain
16.84,54.29,0.04,27.56,999.19,no rain
21.55,74.29,9.82,86.42,1019.60,rain
25.96,42.32,6.39,58.95,1049.45,no rain
12.54,85.28,16.16,0.47,1008.77,no rain
26.83,91.69,8.06,78.79,1039.22,no rain
30.05,52.31,1.40,1.56,994.66,no rain
14.63,75.71,14.17,95.32,1045.78,rain
20.38,91.35,0.26,51.38,981.19,rain
23.00,31.08,6.69,90.81,981.90,no rain
21.30,89.90,9.97,88.59,1005.34,rain
30.00,70.05,14.83,88.53,1041.27,no rain
34.01,58.98,6.26,37.58,1019.68,no rain
29.97,66.58,2.08,18.59,982.46,no rain
11.95,87.68,16.51,35.12,1038.82,no rain
30.12,80.55,0.20,13.43,991.35,no rain
11.66,65.09,17.46,83.44,1006.32,no rain
15.90,64.14,2.13,56.86,985.98,no rain
13.83,92.95,2.51,24.86,1045.18,no rain
14.94,46.26,3.32,82.00,980.44,no rain
23.21,36.70,2.97,46.09,1041.49,no rain
26.79,77.50,15.90,1.09,991.79,no rain
21.76,79.15,16.22,15.33,994.16,no rain
33.99,69.79,3.39,42.18,995.45,no rain
16.01,48.38,2.25,7.76,989.96,no rain
29.08,50.72,11.45,64.33,990.02,no rain
31.75,73.19,13.99,19.73,1041.01,no rain
24.05,49.11,11.18,59.41,1009.20,no rain
21.41,64.97,0.55,0.94,1005.39,no rain
24.90,53.25,15.32,14.48,997.18,no rain
20.72,65.73,14.28,32.59,1043.34,no rain
23.88,46.06,14.35,8.77,1020.95,no rain
20.42,43.86,4.14,98.35,1004.17,no rain
20.01,81.38,1.41,23.20,993.84,no rain
27.38,57.00,19.95,89.87,1043.90,no rain
12.32,46.28,9.56,68.64,994.34,no rain
14.16,90.09,14.52,95.86,984.57,rain
31.28,58.12,1.93,91.05,1024.14,no rain
29.28,38.11,10.10,87.87,999.40,no rain
17.04,79.56,10.08,57.78,992.45,rain
19.43,49.60,2.46,96.46,1022.36,no rain
33.15,69.57,7.03,18.08,1011.95,no rain
30.45,73.66,17.83,45.42,990.99,no rain
25.36,97.38,13.80,78.11,1020.21,no rain
15.54,43.38,14.63,48.35,1026.71,no rain
11.11,49.89,17.57,99.44,1028.56,no rain
20.78,95.26,6.21,73.31,997.65,rain
26.82,80.28,15.80,20.64,1016.32,no rain
30.71,61.45,1.93,81.14,1003.63,no rain
31.32,81.43,11.55,88.75,1044.87,no rain
10.82,58.94,10.68,53.94,1013.69,no rain
16.10,58.70,8.62,99.05,1019.94,no rain
18.48,40.95,4.18,53.59,1017.20,no rain
14.72,66.54,8.55,77.31,1049.86,no rain
30.07,48.39,16.89,32.40,1042.72,no rain
29.19,74.35,14.61,23.88,1049.12,no rain
22.92,57.90,8.81,78.38,996.83,no rain
34.57,89.76,19.35,19.30,1013.77,no rain
13.60,84.00,15.71,28.39,1011.70,no rain
32.49,40.36,0.89,36.82,1029.10,no rain
12.91,71.38,15.01,62.45,1030.58,rain
14.08,79.96,14.37,34.22,1009.28,no rain
27.41,66.01,0.98,32.09,1016.87,no rain
12.74,37.98,18.53,44.31,1012.60,no rain
24.15,65.23,9.34,44.98,1033.59,no rain
20.51,60.30,4.78,2.10,1014.61,no rain
28.21,52.80,8.96,31.65,1027.46,no rain
32.52,70.78,16.68,46.97,1037.62,no rain
29.25,52.74,5.01,23.55,1027.48,no rain
31.24,46.49,18.28,47.70,1005.49,no rain
10.82,81.51,1.29,56.93,1013.49,rain
17.75,44.94,1.79,83.95,1012.64,no rain
22.89,86.37,11.99,77.47,1047.15,rain
20.40,98.54,10.20,25.66,1010.50,no rain
15.78,60.89,13.43,12.87,1043.95,no rain
17.70,86.87,0.87,0.13,1043.67,no rain
33.64,41.79,5.20,39.86,1032.26,no rain
17.35,85.81,14.06,85.54,994.14,rain
18.85,97.37,6.89,16.14,1009.76,no rain
10.09,66.19,6.09,28.67,1025.15,no rain
31.13,47.90,16.40,54.32,997.97,no rain
13.87,41.26,15.92,59.38,991.23,no rain
15.10,94.16,14.90,54.72,1013.76,rain
16.38,52.72,12.55,0.25,1021.99,no rain
32.12,64.79,19.09,77.07,1025.31,no rain
15.16,60.34,0.42,90.03,1022.81,no rain
29.94,60.47,3.05,25.28,1000.40,no rain
30.20,83.57,9.20,13.32,1004.37,no rain
33.18,95.46,5.61,76.85,1006.80,no rain
12.89,74.57,5.87,73.00,994.32,rain
15.43,97.00,19.61,79.30,994.49,rain
28.57,43.33,0.88,91.89,1012.10,no rain
14.90,69.48,0.52,4.42,988.99,no rain
17.16,77.99,18.70,53.70,987.70,rain
14.17,80.05,3.20,78.91,1015.38,rain
14.32,82.91,0.86,50.12,983.33,rain
22.04,53.32,9.17,55.21,1008.17,no rain
12.74,91.75,17.64,56.66,1032.41,rain
18.04,39.22,6.12,1.04,1048.20,no rain
20.66,49.50,18.65,90.43,1014.99,no rain
10.61,62.81,17.31,21.08,998.00,no rain
19.71,71.44,5.61,2.55,1023.96,no rain
12.35,50.67,8.71,63.34,990.15,no rain
22.34,93.55,18.47,56.02,1045.13,rain
30.64,61.63,2.47,12.78,1032.85,no rain
30.46,37.02,1.24,99.83,990.55,no rain
12.01,87.33,3.77,39.15,986.84,no rain
25.03,97.58,4.51,26.60,1044.84,no rain
30.86,54.24,3.59,10.12,1046.92,no rain
15.95,68.83,0.63,53.45,997.59,no rain
29.05,70.81,14.35,16.43,992.03,no rain
32.27,86.11,3.24,14.57,1028.27,no rain
30.15,40.63,9.11,72.75,1049.56,no rain
12.68,88.89,2.41,6.69,998.04,no rain
10.23,80.51,7.31,71.32,1005.26,rain
14.79,32.44,7.95,6.96,1005.19,no rain
16.76,69.68,18.26,39.43,1012.58,no rain
25.40,31.96,14.11,12.49,998.37,no rain
19.61,64.75,18.12,98.47,1019.12,no rain
27.59,71.96,9.78,23.62,1038.21,no rain
18.83,74.44,3.39,36.45,1008.03,no rain
13.86,94.88,8.19,21.13,999.61,no rain
17.82,50.79,11.87,54.39,1045.41,no rain
32.11,89.12,10.82,92.23,1018.48,no rain
33.96,61.66,17.93,48.27,996.29,no rain
15.19,76.69,11.85,74.21,1004.30,rain
29.71,86.56,5.13,35.49,1015.07,no rain
16.83,80.68,19.05,28.24,986.23,no rain
32.18,85.69,3.48,9.86,982.37,no rain
14.14,74.52,9.53,96.99,1029.75,rain
26.65,86.05,17.75,37.85,1031.94,no rain
12.11,93.63,14.20,87.36,1012.93,rain
34.35,93.31,10.71,61.97,1040.50,no rain
27.52,52.95,13.76,67.82,1021.19,no rain
31.05,98.04,8.76,45.73,1033.02,no rain
24.17,34.04,7.94,32.72,1045.52,no rain
21.92,73.15,12.56,47.37,1035.33,no rain
25.55,64.67,14.74,76.64,1001.74,no rain
23.22,46.13,18.75,91.21,988.33,no rain
21.73,67.46,16.73,49.53,982.78,no rain
28.99,34.62,19.21,53.09,1007.34,no rain
14.46,68.76,2.32,73.25,980.52,no rain
14.28,89.81,19.79,95.93,1031.65,rain
20.80,39.87,4.01,65.78,1011.62,no rain
18.02,52.77,1.62,85.00,1031.26,no rain
11.85,74.18,13.14,40.41,1014.84,no rain
31.11,55.15,13.47,17.95,981.04,no rain
29.29,59.05,19.48,70.47,1041.05,no rain
23.60,53.69,15.42,24.51,1044.44,no rain
34.48,63.79,7.85,88.58,1022.07,no rain
11.82,56.12,12.00,7.87,1028.94,no rain
29.17,40.10,12.19,47.59,984.25,no rain
16.66,43.92,15.31,43.64,1028.70,no rain
19.21,35.55,11.62,86.24,985.88,no rain
15.48,62.74,7.73,96.88,1002.46,no rain
29.73,89.18,13.63,95.36,1000.90,no rain
13.61,36.34,4.80,5.49,1038.90,no rain
31.00,76.11,6.99,99.08,1012.40,no rain
26.54,59.42,1.43,66.80,984.39,no rain
11.48,91.00,16.32,25.23,996.95,no rain
30.27,55.43,1.42,37.70,1011.11,no rain
25.69,78.61,5.98,88.87,1046.32,no rain
32.62,57.94,18.51,91.61,996.89,no rain
28.72,67.94,11.19,12.19,1034.28,no rain
24.03,84.25,4.36,14.33,992.25,no rain
30.91,97.75,19.86,4.42,1024.96,no rain
16.95,39.44,17.61,39.38,995.79,no rain
23.67,67.04,1.36,34.51,1034.04,no rain
17.34,39.26,4.61,67.27,1017.98,no rain
34.21,32.14,12.85,16.16,1042.48,no rain
15.65,82.36,3.98,79.70,987.47,rain
10.39,98.83,10.74,58.01,993.25,rain
18.15,71.68,3.32,11.10,1033.64,no rain
22.56,35.07,13.45,89.69,1003.52,no rain
10.71,34.32,10.62,84.94,984.86,no rain
23.98,52.02,19.39,75.41,1029.22,no rain
31.86,56.66,2.68,47.97,989.50,no rain
27.62,30.27,10.61,61.04,988.34,no rain
25.57,88.99,6.23,19.78,1015.20,no rain
33.90,62.80,12.25,75.98,1008.84,no rain
33.96,99.70,4.07,69.39,992.18,no rain
30.61,91.89,18.51,79.89,1026.94,no rain
25.19,65.05,8.76,93.79,1009.08,no rain
22.19,73.89,8.64,88.89,1027.96,rain
10.33,52.02,15.73,89.54,1006.80,no rain
25.16,51.23,18.15,43.00,1037.81,no rain
34.73,39.11,9.88,78.86,1020.19,no rain
30.45,68.18,15.43,96.96,1036.83,no rain
18.52,35.72,2.88,26.61,1023.82,no rain
13.80,61.28,5.05,76.52,1005.32,no rain
29.60,52.52,13.86,24.31,1007.14,no rain
28.60,85.34,18.53,28.53,1036.52,no rain
34.18,56.70,2.34,42.77,982.05,no rain
31.87,93.10,2.69,44.22,992.12,no rain
23.89,43.27,19.50,70.08,1024.07,no rain
12.53,95.14,1.82,10.47,1032.04,no rain
22.09,71.53,0.86,84.16,1039.66,rain
17.84,38.42,10.64,13.61,1033.97,no rain
22.81,65.15,4.49,2.56,1048.70,no rain
17.54,48.75,5.95,40.32,1044.39,no rain
31.55,82.43,12.36,77.51,1009.47,no rain
31.11,75.59,7.02,34.84,1035.20,no rain
17.89,34.39,19.91,85.03,1000.72,no rain
24.99,59.23,4.56,66.34,1045.01,no rain
20.75,92.10,17.31,70.89,1049.80,rain
32.73,58.55,17.50,51.69,1031.42,no rain
14.68,82.05,8.75,58.94,1003.42,rain
27.44,37.94,19.95,16.38,1047.41,no rain
34.26,90.68,5.66,88.75,982.87,no rain
14.38,65.17,1.82,42.58,1008.70,no rain
15.05,96.33,11.34,43.89,1015.70,no rain
27.34,67.61,0.15,67.85,1016.02,no rain
29.48,83.85,9.48,88.84,995.74,no rain
22.26,98.05,16.74,74.40,1008.16,rain
25.24,81.05,8.39,44.13,1029.78,no rain
15.32,70.41,4.08,46.24,1034.43,no rain
21.92,55.67,5.11,27.84,1030.28,no rain
12.80,32.98,18.28,5.84,981.17,no rain
18.04,60.28,13.24,93.97,1027.29,no rain
17.12,58.87,3.23,9.96,996.88,no rain
21.12,87.61,9.26,27.05,1025.20,no rain
33.25,43.25,12.29,94.74,1006.61,no rain
14.53,81.99,10.10,57.78,1020.15,rain
20.03,32.63,15.70,85.31,995.73,no rain
25.39,92.05,0.13,69.51,1027.42,no rain
33.66,76.76,5.62,4.64,1043.18,no rain
13.33,59.57,11.49,14.98,1003.42,no rain
32.95,48.59,10.78,11.75,984.46,no rain
12.03,42.91,2.08,48.13,1045.76,no rain
22.02,71.00,3.50,81.64,1018.43,rain
21.36,58.72,15.06,71.82,1038.22,no rain
15.24,82.01,10.70,20.71,1046.23,no rain
18.69,93.47,12.80,41.68,1041.24,no rain
21.35,50.70,16.34,69.83,1016.43,no rain
31.63,75.49,11.68,89.44,1048.41,no rain
33.88,59.59,6.28,91.61,1010.64,no rain
22.97,32.99,10.47,50.46,997.48,no rain
31.75,73.08,2.61,41.62,1040.78,no rain
25.20,55.46,5.44,65.17,1041.74,no rain
18.73,30.96,13.10,66.26,984.16,no rain
14.85,63.06,0.82,97.33,1031.57,no rain
20.33,36.42,0.02,49.81,1003.46,no rain
23.07,73.97,17.74,53.76,1040.21,rain
11.11,66.85,19.29,45.92,997.01,no rain
13.65,65.02,18.11,71.71,1020.62,no rain
25.00,95.58,4.31,33.52,989.12,no rain
15.63,91.63,15.09,3.57,1041.83,no rain
30.93,79.98,9.13,55.62,989.52,no rain
18.17,70.43,1.42,28.13,1025.35,no rain
12.62,47.67,15.90,74.80,995.79,no rain
12.09,30.57,16.16,17.18,1032.96,no rain
33.43,38.37,14.44,84.51,992.89,no rain
12.95,52.42,19.93,76.09,1033.08,no rain
13.52,43.77,19.84,37.66,1015.42,no rain
31.57,69.90,3.59,17.22,1029.61,no rain
16.36,67.45,15.91,85.52,1016.44,no rain
26.65,57.29,13.20,34.17,1018.96,no rain
30.42,86.04,14.53,10.42,1022.31,no rain
25.18,81.18,19.82,50.81,995.98,no rain
33.94,78.15,16.73,4.03,1020.30,no rain
27.72,65.19,7.83,16.08,998.47,no rain
12.82,33.04,18.75,13.24,1000.96,no rain
23.96,59.96,17.50,49.90,1014.93,no rain
27.95,64.94,14.12,32.82,995.98,no rain
30.05,61.35,18.74,72.47,1023.33,no rain
10.66,30.31,9.25,10.82,1000.97,no rain
27.97,75.67,14.27,30.57,993.02,no rain
30.64,48.02,0.08,29.87,1042.91,no rain
28.67,33.13,11.37,74.73,1010.51,no rain
22.81,65.24,14.47,87.98,1046.00,no rain
21.45,94.44,7.66,49.27,1009.03,no rain
23.74,32.06,17.36,56.17,980.74,no rain
27.62,30.96,9.70,79.69,993.95,no rain
33.07,71.14,5.65,87.12,1038.47,no rain
25.43,68.01,10.99,76.37,1005.21,no rain
32.20,31.10,18.11,25.90,1039.25,no rain
27.53,37.21,13.65,7.30,1007.17,no rain
11.71,88.55,19.00,21.09,1000.77,no rain
22.52,61.68,8.95,61.96,1036.05,no rain
17.16,38.71,13.17,54.89,985.06,no rain
17.13,40.91,12.57,50.78,1041.32,no rain
18.90,72.80,4.78,7.32,1009.39,no rain
17.87,53.01,14.89,41.09,1003.01,no rain
24.47,31.80,1.36,2.62,995.39,no rain
27.09,74.52,11.50,65.34,1021.61,no rain
16.72,32.26,3.56,24.59,1046.36,no rain
13.24,37.72,3.77,70.70,1004.67,no rain
11.47,41.11,19.60,53.22,996.15,no rain
24.39,40.03,7.69,5.42,997.34,no rain
14.65,83.31,10.39,13.92,986.37,no rain
10.23,36.54,13.30,91.18,996.57,no rain
33.19,40.40,9.97,87.58,1025.09,no rain
23.43,61.29,14.52,81.58,1029.94,no rain
12.31,39.81,0.52,57.12,1009.16,no rain
31.07,82.29,13.53,36.02,1046.06,no rain
34.58,64.14,6.49,95.88,991.69,no rain
21.22,91.58,17.59,90.94,1030.10,rain
11.06,32.67,2.87,1.70,1008.36,no rain
12.94,89.86,0.61,12.11,996.76,no rain
19.54,40.77,1.22,54.30,993.63,no rain
32.14,94.79,10.44,69.05,991.73,no rain
13.70,52.82,4.30,46.48,1048.45,no rain
30.60,65.75,15.06,18.21,1007.26,no rain
10.37,31.66,1.11,42.03,1022.57,no rain
21.43,81.04,4.70,20.54,1010.27,no rain
26.11,44.96,16.60,80.42,1036.77,no rain
11.51,94.16,0.91,54.22,1033.10,rain
25.37,76.33,15.75,40.89,983.27,no rain
33.61,49.85,2.24,14.17,1024.90,no rain
14.01,48.26,16.86,51.44,1047.82,no rain
28.24,41.93,15.68,56.64,1039.53,no rain
25.23,86.13,4.38,65.31,1000.70,no rain
14.63,60.69,8.04,70.56,1022.77,no rain
10.16,49.39,9.16,4.18,1011.53,no rain
10.23,96.70,7.88,37.78,1020.92,no rain
23.30,86.16,4.22,37.20,1019.32,no rain
33.57,71.04,4.52,17.05,1031.33,no rain
26.11,86.17,13.81,32.22,1002.46,no rain
27.86,38.41,3.03,4.41,1010.26,no rain
22.35,77.05,5.64,46.21,1020.54,no rain
24.55,52.69,1.26,51.38,980.57,no rain
13.16,78.13,4.36,48.92,999.02,no rain
31.92,97.32,0.76,14.20,1014.03,no rain
29.02,84.63,13.97,10.59,992.64,no rain
34.95,69.59,8.09,75.92,1030.34,no rain
17.44,82.19,7.55,74.89,987.37,rain
15.68,62.78,9.71,29.70,1030.60,no rain
13.13,49.60,5.23,68.00,1037.56,no rain
34.11,32.84,7.21,94.15,1027.99,no rain
29.52,77.40,11.82,83.90,1044.21,no rain
14.16,39.98,4.49,29.54,1029.82,no rain
23.82,62.15,9.24,13.32,995.48,no rain
20.34,76.67,11.50,5.12,1037.54,no rain
13.79,92.39,2.76,50.37,997.03,rain
14.05,72.66,6.14,45.75,1038.21,no rain
34.09,45.24,11.04,75.11,1021.22,no rain
17.62,63.18,8.03,76.84,1015.89,no rain
33.54,76.73,14.32,7.00,1020.53,no rain
11.89,43.67,4.63,97.14,1007.55,no rain
21.52,81.25,9.41,25.79,998.93,no rain
13.24,83.47,16.42,37.41,1012.23,no rain
10.12,66.58,2.86,57.63,989.66,no rain
23.84,90.12,17.90,3.83,1023.37,no rain
12.85,45.73,8.94,71.29,1018.28,no rain
28.05,67.64,9.60,19.22,1027.12,no rain
27.45,92.59,12.72,91.70,1024.68,no rain
14.41,79.29,10.84,24.67,1044.68,no rain
33.54,86.48,16.47,41.33,1016.20,no rain
28.03,45.55,3.73,22.43,980.87,no rain
17.45,70.09,2.60,64.61,1041.62,rain
27.73,52.68,5.27,37.73,988.47,no rain
28.30,76.12,19.96,23.92,1031.04,no rain
18.56,66.58,1.98,84.39,993.82,no rain
19.39,73.78,10.61,70.29,988.63,rain
18.98,73.24,15.47,47.16,1046.83,no rain
25.42,81.55,16.65,28.59,982.50,no rain
32.51,85.92,19.15,87.23,982.11,no rain
14.33,34.33,19.90,41.94,1011.38,no rain
31.88,96.39,11.05,46.54,1021.00,no rain
10.69,58.45,4.82,19.20,992.36,no rain
26.51,41.91,10.40,83.39,1030.73,no rain
20.36,94.54,14.72,54.99,1045.74,rain
29.78,84.88,9.53,65.69,1014.89,no rain
28.03,59.42,5.45,41.88,988.52,no rain
22.00,71.99,16.44,1.94,1039.04,no rain
26.10,45.83,16.58,30.05,1046.00,no rain
22.54,58.92,11.01,2.07,1038.30,no rain
30.29,58.07,12.03,2.99,1019.53,no rain
21.90,82.78,10.27,98.51,1038.78,rain
23.08,60.22,15.64,9.47,1006.38,no rain
16.26,82.84,17.74,45.10,1014.98,no rain
25.13,85.31,0.04,83.87,985.69,no rain
17.57,56.99,19.47,42.16,1002.69,no rain
24.43,60.80,6.88,24.88,1044.10,no rain
14.24,66.45,7.98,41.40,1039.74,no rain
13.99,30.25,7.35,82.39,1021.59,no rain
20.43,43.65,16.89,4.49,1043.38,no rain
20.67,89.30,14.74,48.88,1009.88,no rain
16.70,83.27,3.58,19.35,1045.63,no rain
13.29,35.40,8.16,6.03,1046.21,no rain
10.98,74.44,0.05,78.56,1019.90,rain
10.63,31.45,16.06,1.45,983.51,no rain
16.79,67.39,4.73,41.50,1041.93,no rain
21.55,41.30,1.66,54.55,1043.80,no rain
28.16,89.74,13.22,17.29,1046.01,no rain
21.87,73.04,4.38,89.95,1013.04,rain
32.60,34.48,10.98,40.87,1000.39,no rain
10.88,74.89,3.22,18.21,986.13,no rain
14.52,92.45,15.80,61.12,1041.55,rain
18.46,81.36,19.64,63.94,1030.61,rain
24.44,38.06,2.15,38.87,1036.13,no rain
31.32,76.56,16.83,3.15,1033.83,no rain
18.76,72.75,9.80,66.16,1037.22,rain
16.70,74.19,1.03,23.78,987.77,no rain
11.55,85.66,10.43,14.99,1003.68,no rain
30.53,51.31,9.64,82.09,1036.99,no rain
19.49,54.88,17.83,50.42,1031.40,no rain
24.29,44.13,6.81,44.79,1033.67,no rain
34.59,62.00,15.15,75.48,1033.17,no rain
10.04,58.69,2.65,47.07,984.68,no rain
13.64,35.89,7.77,61.18,1037.83,no rain
29.48,46.98,10.79,40.62,986.01,no rain
30.13,38.39,3.63,88.75,1037.57,no rain
29.23,68.82,3.96,56.56,1002.20,no rain
23.42,43.11,4.91,90.25,994.85,no rain
34.47,52.79,14.86,89.88,993.71,no rain
19.90,87.19,18.87,75.86,985.41,rain
25.05,70.03,2.54,54.81,1014.88,no rain
11.58,66.37,10.96,65.42,1034.92,no rain
20.25,96.11,2.94,22.21,1025.53,no rain
28.06,60.61,1.09,91.91,1049.44,no rain
15.97,91.85,0.79,85.97,1033.97,rain
33.60,70.45,8.58,78.71,1030.98,no rain
27.17,58.37,8.51,2.55,1008.79,no rain
17.19,54.23,13.28,19.45,988.46,no rain
29.22,93.24,7.80,91.67,1006.58,no rain
12.08,69.57,4.59,80.91,1040.18,no rain
34.37,47.62,1.93,84.62,1003.51,no rain
11.23,66.36,11.42,40.46,988.58,no rain
33.34,47.48,4.35,25.64,1017.19,no rain
16.32,46.85,7.54,89.07,1022.52,no rain
28.95,39.04,0.35,37.30,988.28,no rain
10.00,78.25,4.98,29.89,1033.64,no rain
16.36,84.67,13.02,30.09,1015.55,no rain
28.73,52.65,2.46,88.24,1021.10,no rain
23.31,58.65,13.23,17.69,982.69,no rain
12.87,85.51,17.21,83.30,995.11,rain
19.84,31.14,17.39,47.76,1010.83,no rain
19.39,53.30,3.15,26.11,987.29,no rain
24.20,51.53,9.35,58.42,1031.09,no rain
26.70,68.04,17.89,27.90,995.17,no rain
31.02,92.64,14.60,51.49,1005.29,no rain
22.43,32.84,17.33,61.37,982.34,no rain
19.80,88.99,7.74,58.30,997.72,rain
13.60,69.00,9.98,81.62,1039.43,no rain
30.12,71.14,17.90,61.88,1017.35,no rain
27.83,96.99,8.58,22.06,1031.25,no rain
20.22,38.98,13.40,29.49,994.53,no rain
22.96,49.37,8.49,40.22,993.73,no rain
26.63,46.10,14.16,76.95,1020.87,no rain
14.12,62.82,12.26,90.42,993.44,no rain
10.68,70.59,8.83,2.45,993.84,no rain
17.94,80.95,10.98,99.34,986.95,rain
24.89,33.71,11.96,49.15,1033.17,no rain
22.17,59.83,17.58,13.17,986.17,no rain
27.31,94.70,13.54,56.54,1042.23,no rain
30.49,62.38,14.28,45.85,1040.94,no rain
22.21,87.23,19.40,4.93,991.29,no rain
13.36,37.84,1.35,57.76,1047.72,no rain
31.27,50.28,3.75,93.16,1003.86,no rain
24.37,81.48,6.36,47.26,1042.23,no rain
28.50,73.49,18.92,22.92,985.06,no rain
27.62,61.02,4.57,67.09,990.06,no rain
34.21,76.82,11.30,26.76,1010.90,no rain
17.38,83.97,2.36,91.52,983.34,rain
27.63,92.83,5.41,47.70,998.87,no rain
19.14,60.82,5.52,78.46,1021.92,no rain
19.89,74.98,14.17,4.91,989.21,no rain
15.76,56.70,2.18,73.25,988.71,no rain
18.60,94.89,15.14,14.80,1008.08,no rain
33.71,63.65,6.07,21.77,987.22,no rain
17.31,58.74,14.67,86.13,1025.70,no rain
16.15,95.76,7.33,12.39,1035.33,no rain
24.58,30.14,8.53,29.47,1013.17,no rain
16.45,53.24,2.52,36.99,984.57,no rain
21.83,88.67,2.14,91.00,1022.86,rain
30.85,61.60,10.84,14.29,996.79,no rain
15.76,54.39,12.74,61.69,1006.60,no rain
20.67,71.15,1.84,20.29,993.49,no rain
25.26,58.33,2.79,28.88,1024.83,no rain
23.64,53.07,0.65,44.51,1037.32,no rain
34.37,48.62,3.25,54.72,1040.10,no rain
27.01,51.91,4.45,17.54,1034.03,no rain
28.50,94.69,13.81,59.55,1018.26,no rain
34.17,97.18,1.30,60.72,1018.91,no rain
20.36,36.92,13.75,40.85,994.21,no rain
18.88,81.48,8.11,20.07,981.06,no rain
11.10,76.04,2.86,33.39,1019.15,no rain
14.61,74.17,19.65,9.80,1028.84,no rain
15.93,32.30,10.09,74.48,1007.72,no rain
14.59,49.14,5.88,1.46,1025.00,no rain
28.87,82.23,1.11,33.18,1002.75,no rain
23.40,64.71,6.29,92.43,1004.70,no rain
26.69,31.67,12.25,18.75,1006.55,no rain
30.51,66.86,4.92,52.35,1039.25,no rain
15.77,89.35,11.38,14.92,994.25,no rain
18.15,91.49,5.57,94.98,1047.75,rain
27.71,92.90,0.89,82.06,998.22,no rain
19.82,66.91,8.26,31.26,1014.35,no rain
10.73,62.69,7.13,75.19,997.97,no rain
20.87,47.10,4.92,56.74,1013.42,no rain
32.71,90.63,10.58,22.17,1007.95,no rain
20.23,85.99,7.79,13.44,1006.23,no rain
18.31,90.45,19.00,24.92,1000.97,no rain
34.74,45.82,12.42,62.90,981.54,no rain
26.11,36.85,7.16,95.48,1036.53,no rain
19.15,78.89,4.29,77.69,1011.57,rain
12.55,93.92,13.30,90.35,998.18,rain
29.70,94.16,18.40,19.41,993.18,no rain
27.70,67.00,12.54,91.46,991.05,no rain
33.05,74.95,16.59,8.47,1046.43,no rain
15.43,37.85,13.68,94.42,1021.77,no rain
12.87,49.27,18.94,14.12,998.37,no rain
28.10,67.64,8.14,36.15,998.29,no rain
15.08,91.65,15.45,34.56,1049.54,no rain
14.40,63.89,10.18,32.99,1025.13,no rain
18.00,71.49,0.99,73.66,991.43,rain
30.42,33.89,0.27,83.95,1035.78,no rain
23.49,97.53,8.50,57.05,1010.58,rain
11.15,64.47,13.20,54.61,1026.82,no rain
21.60,41.22,17.27,26.13,1021.14,no rain
27.10,53.73,0.65,90.33,989.99,no rain
23.46,65.93,18.84,56.48,988.63,no rain
24.31,39.70,17.70,41.13,1032.87,no rain
15.62,43.77,17.47,55.95,996.78,no rain
31.19,94.11,12.85,10.45,1029.90,no rain
24.03,91.08,9.33,11.14,981.61,no rain
27.83,38.56,16.08,92.73,1048.31,no rain
34.55,49.53,4.12,21.86,1015.03,no rain
20.70,74.49,5.85,27.03,1010.01,no rain
32.03,48.18,3.45,55.72,1035.65,no rain
10.18,30.15,19.96,48.69,1008.71,no rain
10.84,79.09,3.84,55.57,1028.10,rain
24.76,43.52,14.02,36.54,981.68,no rain
17.79,52.75,9.24,40.52,1044.24,no rain
16.21,49.88,0.67,16.88,1018.37,no rain
16.95,40.67,1.63,49.70,1031.00,no rain
17.96,39.50,18.59,42.30,1045.92,no rain
28.22,40.14,14.89,94.01,1009.42,no rain
24.23,97.72,10.92,12.98,987.30,no rain
29.73,80.88,4.19,61.57,982.36,no rain
30.75,95.81,0.13,96.65,1013.12,no rain
31.07,70.01,15.45,9.80,1020.27,no rain
20.37,53.17,6.25,72.11,1004.63,no rain
20.53,41.47,4.28,86.55,1014.16,no rain
33.16,63.83,3.45,33.22,988.87,no rain
26.54,64.54,16.18,56.94,991.33,no rain
12.01,84.42,12.41,8.96,1043.25,no rain
23.55,66.99,12.83,33.71,992.39,no rain
18.90,43.64,18.51,24.88,1017.61,no rain
34.69,86.99,17.84,68.54,1002.97,no rain
10.34,40.35,13.61,5.57,1046.44,no rain
25.30,67.02,19.22,48.32,986.83,no rain
28.09,32.97,4.58,55.38,996.12,no rain
17.22,55.84,0.39,93.13,1000.95,no rain
34.34,77.03,18.43,92.11,1005.29,no rain
31.49,39.71,5.29,0.66,986.75,no rain
32.89,66.74,19.46,58.10,990.83,no rain
10.48,67.72,4.48,39.98,1040.59,no rain
24.25,93.65,5.57,53.63,1013.66,rain
17.37,62.66,18.19,64.96,991.20,no rain
31.23,35.48,16.25,27.44,1044.20,no rain
25.82,40.22,1.95,76.12,1030.65,no rain
23.47,49.29,11.51,92.05,997.78,no rain
12.86,85.93,3.16,88.88,1041.36,rain
23.51,47.86,1.43,75.53,1031.66,no rain
25.80,72.66,12.25,52.45,1049.63,no rain
33.90,35.49,1.56,48.52,985.52,no rain
24.63,44.15,9.44,74.50,1023.36,no rain
34.19,73.34,12.29,77.27,998.22,no rain
34.04,36.87,18.78,1.21,990.68,no rain
26.26,80.09,18.43,3.78,1000.30,no rain
22.65,61.44,12.15,47.76,1030.88,no rain
21.65,49.57,10.05,86.64,1024.01,no rain
32.26,91.17,13.01,21.50,1001.96,no rain
10.71,77.12,18.50,14.36,987.32,no rain
12.85,34.49,19.82,93.32,988.67,no rain
12.55,76.91,0.66,89.11,1022.71,rain
28.92,43.89,19.39,26.87,1013.26,no rain
18.49,94.42,16.06,84.03,1005.96,rain
25.95,40.76,1.50,75.70,986.77,no rain
25.09,73.17,16.00,99.54,1014.53,no rain
19.65,46.97,13.25,16.34,998.53,no rain
23.29,95.95,18.11,89.74,1041.15,rain
26.13,52.71,9.16,5.70,1028.58,no rain
33.52,71.27,10.07,67.31,1009.22,no rain
24.39,39.07,16.75,66.92,1044.37,no rain
25.36,63.56,9.68,91.57,1019.13,no rain
11.70,72.62,10.53,22.79,1038.04,no rain
33.81,83.95,4.89,17.16,1021.54,no rain
23.20,68.99,6.61,51.35,1046.03,no rain
30.03,79.25,5.75,95.26,986.22,no rain
11.26,90.14,0.91,27.89,1034.46,no rain
20.52,50.90,11.66,79.67,982.90,no rain
16.42,53.81,16.85,31.99,987.51,no rain
16.67,32.07,15.41,25.51,1036.57,no rain
29.79,68.80,4.93,68.41,1030.83,no rain
25.60,98.01,11.73,77.14,1021.64,no rain
20.99,81.53,9.81,1.31,1044.15,no rain
10.26,99.48,16.33,58.36,1007.68,rain
34.12,61.80,7.07,53.09,980.38,no rain
34.05,82.32,0.73,38.90,985.02,no rain
15.44,41.28,17.75,78.53,1030.68,no rain
11.03,59.54,13.41,35.59,998.16,no rain
23.25,75.05,3.64,54.40,1020.96,rain
33.79,61.52,4.11,42.79,1010.77,no rain
32.76,32.08,7.96,44.81,996.25,no rain
24.62,52.18,9.53,48.56,1032.04,no rain
17.59,77.32,6.61,15.62,982.13,no rain
18.25,57.66,10.31,80.35,1028.06,no rain
32.45,61.39,17.85,29.06,1032.44,no rain
22.29,89.93,12.60,51.63,985.85,rain
13.28,48.86,7.39,27.31,999.57,no rain
16.21,73.12,17.21,85.93,1044.68,rain
16.92,89.20,13.91,83.17,1012.45,rain
13.09,86.50,11.87,95.06,1020.83,rain
21.58,46.71,10.33,36.43,1034.17,no rain
32.90,33.58,1.76,88.70,1039.87,no rain
26.72,49.38,11.86,85.89,987.21,no rain
11.81,42.35,7.97,57.38,1017.29,no rain
10.14,31.94,11.01,14.76,994.45,no rain
16.91,51.31,2.48,70.41,1028.56,no rain
19.07,66.46,15.72,94.48,1046.10,no rain
29.42,75.52,10.24,81.93,983.28,no rain
34.18,56.45,16.62,7.65,1025.20,no rain
19.69,44.30,4.14,2.25,1024.92,no rain
27.17,69.85,18.76,46.06,1009.03,no rain
34.87,82.67,11.56,91.30,1023.90,no rain
28.64,78.65,1.51,72.24,1007.29,no rain
25.90,89.99,6.27,99.94,1049.09,no rain
11.95,48.47,19.65,62.73,1013.59,no rain
18.08,65.21,12.27,88.22,1037.74,no rain
32.83,64.19,8.39,81.20,1045.08,no rain
15.03,52.51,18.31,53.86,1031.88,no rain
31.09,78.05,7.23,9.05,1027.26,no rain
27.41,39.40,14.94,13.08,1029.27,no rain
19.16,86.36,2.93,81.55,989.05,rain
23.23,32.56,13.94,36.94,999.05,no rain
23.57,57.17,9.83,60.26,1012.02,no rain
27.85,72.51,8.49,29.17,1009.67,no rain
22.91,59.71,4.63,89.15,991.39,no rain
13.33,75.90,19.75,91.60,1002.60,rain
29.34,32.72,2.47,95.57,1030.04,no rain
20.16,90.70,4.07,92.86,983.78,rain
34.08,35.44,7.55,56.40,1024.31,no rain
17.09,50.14,2.62,60.19,1005.59,no rain
16.58,50.54,18.71,96.22,1045.48,no rain
18.34,30.83,18.21,37.26,1000.29,no rain
24.31,36.58,8.76,63.08,1047.83,no rain
32.37,89.63,9.85,43.97,1039.69,no rain
14.41,84.31,1.24,34.47,994.76,no rain
16.99,81.66,16.79,92.94,1042.80,rain
24.54,78.25,15.61,56.96,1001.75,rain
21.36,35.22,7.87,46.51,1010.96,no rain
21.18,50.91,9.54,5.41,1010.37,no rain
30.52,30.46,13.19,15.55,991.43,no rain
33.10,34.24,9.31,54.07,1015.76,no rain
22.03,32.65,5.46,99.46,983.65,no rain
27.18,43.93,5.95,45.94,1047.84,no rain
30.03,33.94,10.35,62.52,1009.52,no rain
22.96,31.18,19.89,85.17,1038.37,no rain
17.36,47.14,9.80,91.84,1001.53,no rain
25.95,85.92,1.12,36.61,1000.10,no rain
24.63,33.94,18.77,16.36,1022.28,no rain
32.54,98.92,6.12,97.13,1034.05,no rain
11.31,76.03,0.80,52.75,1002.99,rain
32.75,90.68,1.45,88.58,1031.55,no rain
23.36,76.25,3.42,29.85,987.40,no rain
10.39,84.38,12.68,8.87,985.15,no rain
18.62,51.05,7.36,87.84,986.28,no rain
28.11,48.01,18.35,41.66,999.77,no rain
22.21,76.51,15.87,44.06,1016.50,no rain
34.50,69.42,6.42,98.35,1000.99,no rain
20.57,65.40,19.72,40.88,1001.04,no rain
18.17,42.41,13.33,57.37,1015.20,no rain
30.54,46.15,0.35,73.73,982.92,no rain
23.70,68.48,9.26,22.52,1038.23,no rain
27.06,58.69,18.21,26.97,1019.81,no rain
30.14,97.38,5.92,73.88,988.26,no rain
26.79,68.70,18.54,80.71,1048.43,no rain
20.56,60.22,12.31,20.06,1000.17,no rain
13.12,96.54,11.66,30.87,996.28,no rain
24.51,36.41,7.32,0.87,1040.72,no rain
32.44,49.02,19.14,38.48,1032.41,no rain
20.47,54.25,8.61,90.11,1014.53,no rain
32.77,89.75,12.69,40.13,1041.47,no rain
22.59,83.65,12.74,75.90,1012.43,rain
25.52,51.33,12.87,5.74,981.85,no rain
30.82,91.08,6.12,58.79,1030.53,no rain
24.11,34.38,17.29,95.40,998.46,no rain
12.27,64.54,11.87,98.44,1002.63,no rain
34.52,75.83,7.77,57.84,1045.08,no rain
16.15,51.85,6.45,1.43,1023.53,no rain
27.76,34.84,2.27,83.99,1033.47,no rain
22.63,48.00,12.20,73.47,1017.35,no rain
21.97,63.86,15.65,2.47,1021.33,no rain
16.10,52.27,8.45,75.67,1033.67,no rain
28.05,59.10,18.31,71.95,1046.24,no rain
12.82,36.52,2.51,9.66,1029.69,no rain
34.76,31.00,9.76,53.64,981.97,no rain
31.13,91.43,12.85,54.89,1004.99,no rain
23.36,35.47,11.39,89.49,1034.15,no rain
20.61,50.50,17.79,44.31,982.34,no rain
17.16,76.48,13.68,55.92,1041.60,rain
22.54,89.12,16.50,55.09,1027.08,rain
31.99,52.49,13.24,51.94,996.60,no rain
16.88,75.64,6.88,85.32,1010.55,rain
22.51,63.05,5.45,94.66,982.03,no rain
15.86,33.57,7.00,91.49,984.94,no rain
18.43,58.59,8.16,19.65,1018.52,no rain
14.76,32.09,16.54,86.80,995.89,no rain
34.76,97.49,14.22,31.78,992.53,no rain
24.29,83.35,16.54,1.28,1046.25,no rain
28.32,53.75,18.50,53.31,1025.71,no rain
12.46,46.43,16.30,9.43,983.03,no rain
19.15,58.02,19.25,49.93,1000.74,no rain
32.32,52.13,19.00,73.98,992.81,no rain
12.11,55.96,6.42,84.58,1047.07,no rain
14.14,94.31,7.85,32.28,1001.44,no rain
25.64,58.32,11.50,83.88,1022.61,no rain
25.57,81.90,13.81,5.71,1016.39,no rain
30.96,40.98,9.29,61.56,1043.50,no rain
33.39,67.36,15.76,34.96,980.35,no rain
13.55,64.56,12.64,54.88,1002.82,no rain
16.48,71.39,11.92,19.19,992.21,no rain
20.69,77.59,2.91,23.12,1034.72,no rain
10.02,90.27,3.43,83.64,1007.23,rain
11.75,46.10,6.27,79.76,1038.59,no rain
15.66,56.71,19.25,85.43,1016.97,no rain
22.03,34.00,1.52,47.84,1046.50,no rain
16.29,73.69,19.21,66.21,1010.98,rain
31.92,95.43,9.54,45.82,1004.51,no rain
18.11,57.73,8.72,24.91,1031.55,no rain
33.12,98.02,16.94,0.62,992.83,no rain
34.37,71.85,16.63,91.98,1024.85,no rain
21.25,44.79,2.68,69.71,984.17,no rain
15.68,67.07,16.23,78.18,1030.79,no rain
17.29,74.80,10.21,7.41,1034.19,no rain
29.41,76.64,6.46,88.29,989.24,no rain
16.83,74.66,2.17,14.67,1041.84,no rain
19.51,43.27,11.84,84.30,986.36,no rain
21.96,44.58,15.61,76.47,1032.17,no rain
24.38,46.90,17.71,73.88,1044.04,no rain
34.90,81.31,19.43,68.72,1025.16,no rain
15.81,64.95,2.46,20.25,1019.70,no rain
18.84,76.99,7.94,65.78,1030.39,rain
16.57,85.96,0.97,10.86,995.51,no rain
19.03,69.48,12.71,85.96,1001.13,no rain
12.52,62.98,17.75,20.04,1038.35,no rain
19.00,58.18,13.75,43.96,986.33,no rain
32.20,67.54,7.77,90.60,1021.11,no rain
17.46,40.47,15.20,79.54,1041.98,no rain
19.30,85.05,19.93,3.81,985.74,no rain
33.61,93.89,0.02,48.85,991.90,no rain
28.21,86.87,16.56,52.51,987.24,no rain
22.92,87.53,6.53,83.53,987.46,rain
29.43,88.06,14.94,59.70,1036.17,no rain
13.08,42.30,4.74,6.59,1023.80,no rain
21.61,99.71,4.04,41.97,995.66,no rain
12.96,76.00,16.19,66.02,1010.15,rain
15.84,59.46,15.35,98.80,1020.37,no rain
13.55,92.16,16.22,38.41,1028.90,no rain
19.05,70.76,15.15,98.46,1005.10,rain
19.54,99.55,1.92,54.89,1005.17,rain
33.68,82.65,17.66,46.38,1007.43,no rain
16.60,55.73,7.55,41.54,991.38,no rain
21.81,81.98,4.39,57.93,982.94,rain
30.28,81.11,11.35,42.85,1023.41,no rain
30.39,51.91,6.92,38.35,1012.21,no rain
28.76,91.89,14.20,97.82,999.81,no rain
17.20,39.85,13.89,49.45,1011.39,no rain
22.37,55.57,17.00,78.02,986.64,no rain
14.66,74.54,19.87,50.63,1007.02,rain
14.71,63.54,15.99,23.19,1023.25,no rain
20.90,77.47,2.83,94.84,1045.18,rain
28.46,99.81,15.25,88.13,1014.88,no rain
23.16,35.46,11.34,14.19,997.19,no rain
32.17,83.13,11.26,88.50,1011.13,no rain
30.77,87.22,6.74,19.70,995.05,no rain
10.79,49.75,3.21,56.86,1043.56,no rain
24.21,47.86,3.46,93.10,1045.15,no rain
25.23,60.90,1.15,56.45,983.67,no rain
34.04,57.57,16.11,21.16,1032.32,no rain
10.58,65.55,14.88,26.50,1010.74,no rain
23.28,44.81,17.13,67.86,1037.79,no rain
15.12,64.57,14.08,74.70,1021.32,no rain
11.34,86.89,3.36,59.18,1001.88,rain
24.69,91.80,14.72,28.14,981.79,no rain
29.32,76.67,11.16,18.68,1041.61,no rain
29.37,50.17,2.17,65.46,1021.63,no rain
10.76,91.13,18.10,22.93,1000.86,no rain
20.17,59.49,18.05,16.28,988.03,no rain
11.11,46.23,12.56,13.11,1018.85,no rain
16.20,39.42,8.39,73.88,1029.09,no rain
14.82,97.32,4.76,71.19,1023.48,rain
15.38,36.16,1.95,92.75,981.16,no rain
18.48,67.08,16.12,26.17,1042.32,no rain
16.94,44.15,19.34,58.95,1010.46,no rain
34.06,90.78,0.28,91.96,985.05,no rain
18.81,43.62,9.59,22.35,1029.79,no rain
32.35,81.55,2.12,45.40,1013.06,no rain
14.53,41.56,8.37,96.58,1006.98,no rain
29.09,95.67,11.61,95.49,1018.64,no rain
11.53,76.43,8.58,51.16,1002.87,rain
21.57,59.06,0.34,44.87,996.68,no rain
10.14,97.37,19.76,94.48,1043.54,rain
30.26,66.68,18.52,59.95,1036.32,no rain
33.76,56.89,15.45,24.69,1003.31,no rain
10.88,41.37,8.01,51.73,1000.32,no rain
33.35,80.48,13.79,57.26,1032.91,no rain
29.35,71.74,14.20,55.23,1034.06,no rain
18.97,45.60,6.81,40.57,980.43,no rain
32.72,47.50,0.79,14.64,1039.58,no rain
17.41,45.43,12.45,86.81,1011.29,no rain
20.23,64.71,18.96,11.23,986.77,no rain
12.42,33.31,14.96,13.95,1023.45,no rain
26.42,50.25,4.56,14.92,1002.45,no rain
10.74,81.56,11.12,3.94,1045.04,no rain
22.12,73.49,7.80,85.77,1036.27,rain
27.08,87.30,10.93,89.17,991.76,no rain
30.53,82.14,14.48,12.26,1034.15,no rain
13.75,31.49,9.73,46.16,997.73,no rain
28.85,69.87,18.25,39.32,1000.13,no rain
27.98,60.69,13.84,12.62,1048.87,no rain
23.99,55.29,7.05,86.44,988.05,no rain
24.62,99.47,12.25,86.41,1032.12,rain
12.28,75.99,9.11,74.08,1032.15,rain
25.01,47.57,15.84,16.66,994.66,no rain
19.54,67.30,0.15,26.36,1041.76,no rain
31.69,36.67,11.71,19.23,986.24,no rain
17.83,82.17,0.47,83.25,1030.18,rain
24.41,54.34,19.59,46.76,980.02,no rain
20.66,41.82,10.15,15.04,1029.76,no rain
31.91,41.37,5.58,1.01,1023.30,no rain
16.35,31.07,2.21,27.85,1006.52,no rain
11.97,84.45,6.83,97.41,1025.50,rain
28.72,81.01,12.68,3.17,1026.65,no rain
20.32,63.95,19.46,91.15,1022.86,no rain
24.73,51.42,1.89,5.79,994.11,no rain
10.66,57.41,4.20,67.18,1001.55,no rain
33.80,91.89,5.54,34.97,1041.21,no rain
31.94,38.49,15.32,45.55,1038.49,no rain
25.60,32.07,1.58,22.11,1003.56,no rain
10.43,45.10,17.89,33.85,1049.19,no rain
19.45,66.45,4.38,30.81,1046.28,no rain
34.47,30.54,14.36,70.89,1029.86,no rain
27.03,37.30,15.21,87.13,994.41,no rain
14.02,78.85,17.86,40.93,996.20,no rain
21.51,61.36,4.15,81.62,1013.40,no rain
34.17,96.40,14.47,1.15,985.24,no rain
23.37,93.75,7.06,78.77,1042.87,rain
10.62,49.35,7.77,52.60,1008.58,no rain
25.49,56.44,10.17,83.37,1004.99,no rain
16.78,94.27,2.62,22.40,1011.73,no rain
12.47,70.55,7.17,37.67,1044.60,no rain
20.07,55.88,18.81,69.77,1043.77,no rain
23.96,86.03,3.61,84.84,997.95,rain
10.43,94.72,6.30,47.83,1018.43,no rain
23.98,77.14,16.15,84.64,1010.29,rain
22.78,46.16,5.00,54.83,983.21,no rain
29.85,87.35,3.30,99.14,1016.72,no rain
20.59,59.44,3.81,90.47,1033.73,no rain
23.84,78.86,19.71,38.56,1034.10,no rain
28.55,64.04,8.27,95.55,1031.38,no rain
32.43,95.86,7.92,76.53,994.24,no rain
19.50,34.79,15.14,52.55,985.12,no rain
25.04,40.91,1.25,99.10,991.83,no rain
27.37,43.62,3.39,69.50,980.69,no rain
11.08,45.47,14.40,19.46,1032.91,no rain
30.02,46.48,6.39,11.40,994.32,no rain
19.44,40.70,14.03,26.21,1010.48,no rain
26.76,78.50,0.46,73.55,986.48,no rain
21.79,45.27,11.81,55.04,1017.69,no rain
27.56,46.48,10.88,39.72,1008.59,no rain
28.11,43.82,2.90,75.84,999.12,no rain
14.79,57.91,2.37,2.38,1046.50,no rain
26.55,97.10,18.56,81.36,1001.73,no rain
